NumOfButton,NumOfLinks,commonURL,is_page,NumOfPage,NumberOfValues,navType,name_url
0,0,577,0,1,0,0,/Users/mdjavedulferdous/Documents/Dataset/Testing/Point2.html
0,0,577,0,1,0,0,/Users/mdjavedulferdous/Documents/Dataset/Testing/Point2.html
0,0,577,0,1,0,0,/Users/mdjavedulferdous/Documents/Dataset/Testing/Point2.html
0,0,577,0,1,0,0,/Users/mdjavedulferdous/Documents/Dataset/Testing/Point2.html
0,0,577,0,1,0,0,/Users/mdjavedulferdous/Documents/Dataset/Testing/Point2.html
4,373,464,1,2,4,3,/Users/mdjavedulferdous/Documents/Dataset/Testing/Point2.html
0,36,547,0,2,0,2,/Users/mdjavedulferdous/Documents/Dataset/Testing/Point2.html
0,36,547,0,2,0,2,/Users/mdjavedulferdous/Documents/Dataset/Testing/Point2.html
0,36,547,0,2,0,2,/Users/mdjavedulferdous/Documents/Dataset/Testing/Point2.html
0,1,576,0,1,0,2,/Users/mdjavedulferdous/Documents/Dataset/Testing/Point2.html
0,33,550,0,2,0,2,/Users/mdjavedulferdous/Documents/Dataset/Testing/Point2.html
0,2,575,0,1,0,2,/Users/mdjavedulferdous/Documents/Dataset/Testing/Point2.html
0,31,552,0,2,0,2,/Users/mdjavedulferdous/Documents/Dataset/Testing/Point2.html
0,0,577,0,1,0,0,/Users/mdjavedulferdous/Documents/Dataset/Testing/Point2.html
2,10,575,1,2,0,3,/Users/mdjavedulferdous/Documents/Dataset/Testing/Point2.html
2,10,575,1,2,0,3,/Users/mdjavedulferdous/Documents/Dataset/Testing/Point2.html
2,8,576,1,4,0,3,/Users/mdjavedulferdous/Documents/Dataset/Testing/Point2.html
1,1,576,0,1,0,3,/Users/mdjavedulferdous/Documents/Dataset/Testing/Point2.html
0,1,576,0,1,0,2,/Users/mdjavedulferdous/Documents/Dataset/Testing/Point2.html
0,1,576,0,1,0,2,/Users/mdjavedulferdous/Documents/Dataset/Testing/Point2.html
0,0,577,0,1,0,0,/Users/mdjavedulferdous/Documents/Dataset/Testing/Point2.html
1,7,576,1,4,0,3,/Users/mdjavedulferdous/Documents/Dataset/Testing/Point2.html
0,7,576,1,4,0,2,/Users/mdjavedulferdous/Documents/Dataset/Testing/Point2.html
0,4,576,0,4,0,2,/Users/mdjavedulferdous/Documents/Dataset/Testing/Point2.html
0,4,576,0,4,0,2,/Users/mdjavedulferdous/Documents/Dataset/Testing/Point2.html
0,2,576,0,0,0,2,/Users/mdjavedulferdous/Documents/Dataset/Testing/Point2.html
0,2,576,0,0,0,2,/Users/mdjavedulferdous/Documents/Dataset/Testing/Point2.html
0,1,576,0,0,0,2,/Users/mdjavedulferdous/Documents/Dataset/Testing/Point2.html
0,1,576,0,1,0,2,/Users/mdjavedulferdous/Documents/Dataset/Testing/Point2.html
0,0,577,0,1,0,0,/Users/mdjavedulferdous/Documents/Dataset/Testing/Point2.html
0,1,576,0,0,0,2,/Users/mdjavedulferdous/Documents/Dataset/Testing/Point2.html
0,1,576,0,1,0,2,/Users/mdjavedulferdous/Documents/Dataset/Testing/Point2.html
0,1,576,0,4,0,2,/Users/mdjavedulferdous/Documents/Dataset/Testing/Point2.html
0,1,576,0,1,0,2,/Users/mdjavedulferdous/Documents/Dataset/Testing/Point2.html
0,1,576,0,1,0,2,/Users/mdjavedulferdous/Documents/Dataset/Testing/Point2.html
0,1,576,0,1,0,2,/Users/mdjavedulferdous/Documents/Dataset/Testing/Point2.html
0,3,576,1,4,0,2,/Users/mdjavedulferdous/Documents/Dataset/Testing/Point2.html
0,0,577,0,6,0,0,/Users/mdjavedulferdous/Documents/Dataset/Testing/Point2.html
0,0,577,0,6,0,0,/Users/mdjavedulferdous/Documents/Dataset/Testing/Point2.html
0,0,577,0,6,0,0,/Users/mdjavedulferdous/Documents/Dataset/Testing/Point2.html
0,0,577,0,6,0,0,/Users/mdjavedulferdous/Documents/Dataset/Testing/Point2.html
0,0,577,0,1,0,0,/Users/mdjavedulferdous/Documents/Dataset/Testing/Point2.html
0,0,577,0,1,0,0,/Users/mdjavedulferdous/Documents/Dataset/Testing/Point2.html
0,0,577,0,1,0,0,/Users/mdjavedulferdous/Documents/Dataset/Testing/Point2.html
0,0,577,0,1,0,0,/Users/mdjavedulferdous/Documents/Dataset/Testing/Point2.html
0,0,577,0,1,0,0,/Users/mdjavedulferdous/Documents/Dataset/Testing/Point2.html
0,0,577,0,1,0,0,/Users/mdjavedulferdous/Documents/Dataset/Testing/Point2.html
0,1,576,0,4,0,2,/Users/mdjavedulferdous/Documents/Dataset/Testing/Point2.html
0,1,576,0,4,0,2,/Users/mdjavedulferdous/Documents/Dataset/Testing/Point2.html
0,1,576,0,1,0,2,/Users/mdjavedulferdous/Documents/Dataset/Testing/Point2.html
0,0,577,0,1,0,0,/Users/mdjavedulferdous/Documents/Dataset/Testing/Point2.html
0,0,577,0,1,0,0,/Users/mdjavedulferdous/Documents/Dataset/Testing/Point2.html
0,0,577,0,1,0,0,/Users/mdjavedulferdous/Documents/Dataset/Testing/Point2.html
0,0,577,0,1,0,0,/Users/mdjavedulferdous/Documents/Dataset/Testing/Point2.html
0,0,577,0,1,0,0,/Users/mdjavedulferdous/Documents/Dataset/Testing/Point2.html
0,0,577,0,1,0,0,/Users/mdjavedulferdous/Documents/Dataset/Testing/Point2.html
0,0,577,0,1,0,0,/Users/mdjavedulferdous/Documents/Dataset/Testing/Point2.html
0,0,577,0,1,0,0,/Users/mdjavedulferdous/Documents/Dataset/Testing/Point2.html
0,0,577,0,1,0,0,/Users/mdjavedulferdous/Documents/Dataset/Testing/Point2.html
0,0,577,0,1,0,0,/Users/mdjavedulferdous/Documents/Dataset/Testing/Point2.html
0,0,577,0,1,0,0,/Users/mdjavedulferdous/Documents/Dataset/Testing/Point2.html
0,0,577,0,1,0,0,/Users/mdjavedulferdous/Documents/Dataset/Testing/Point2.html
0,0,577,0,1,0,0,/Users/mdjavedulferdous/Documents/Dataset/Testing/Point2.html
0,0,577,0,1,0,0,/Users/mdjavedulferdous/Documents/Dataset/Testing/Point2.html
0,0,577,0,1,0,0,/Users/mdjavedulferdous/Documents/Dataset/Testing/Point2.html
0,0,577,0,1,0,0,/Users/mdjavedulferdous/Documents/Dataset/Testing/Point2.html
0,0,577,0,1,0,0,/Users/mdjavedulferdous/Documents/Dataset/Testing/Point2.html
0,0,577,0,1,0,0,/Users/mdjavedulferdous/Documents/Dataset/Testing/Point2.html
0,0,577,0,1,0,0,/Users/mdjavedulferdous/Documents/Dataset/Testing/Point2.html
0,2,576,0,1,0,2,/Users/mdjavedulferdous/Documents/Dataset/Testing/Point2.html
0,1,576,0,1,0,2,/Users/mdjavedulferdous/Documents/Dataset/Testing/Point2.html
0,1,576,0,1,0,2,/Users/mdjavedulferdous/Documents/Dataset/Testing/Point2.html
0,1,576,0,1,0,2,/Users/mdjavedulferdous/Documents/Dataset/Testing/Point2.html
0,1,576,0,1,0,2,/Users/mdjavedulferdous/Documents/Dataset/Testing/Point2.html
0,1,576,0,1,0,2,/Users/mdjavedulferdous/Documents/Dataset/Testing/Point2.html
0,1,576,0,1,0,2,/Users/mdjavedulferdous/Documents/Dataset/Testing/Point2.html
0,0,577,0,1,0,0,/Users/mdjavedulferdous/Documents/Dataset/Testing/Point2.html
0,0,577,0,1,0,0,/Users/mdjavedulferdous/Documents/Dataset/Testing/Point2.html
0,0,577,0,1,0,0,/Users/mdjavedulferdous/Documents/Dataset/Testing/Point2.html
0,0,577,0,1,0,0,/Users/mdjavedulferdous/Documents/Dataset/Testing/Point2.html
0,0,577,0,1,0,0,/Users/mdjavedulferdous/Documents/Dataset/Testing/Point2.html
1,0,577,0,1,0,1,/Users/mdjavedulferdous/Documents/Dataset/Testing/Point2.html
0,2,576,0,2,0,2,/Users/mdjavedulferdous/Documents/Dataset/Testing/Point2.html
0,2,576,0,1,0,2,/Users/mdjavedulferdous/Documents/Dataset/Testing/Point2.html
0,2,576,0,1,0,2,/Users/mdjavedulferdous/Documents/Dataset/Testing/Point2.html
0,0,577,0,1,0,0,/Users/mdjavedulferdous/Documents/Dataset/Testing/Point2.html
0,0,577,0,1,0,0,/Users/mdjavedulferdous/Documents/Dataset/Testing/Point2.html
2,298,505,1,23,4,3,/Users/mdjavedulferdous/Documents/Dataset/Testing/Point2.html
2,298,505,1,23,4,3,/Users/mdjavedulferdous/Documents/Dataset/Testing/Point2.html
2,298,505,1,23,4,3,/Users/mdjavedulferdous/Documents/Dataset/Testing/Point2.html
2,298,505,1,23,4,3,/Users/mdjavedulferdous/Documents/Dataset/Testing/Point2.html
2,295,507,1,23,4,3,/Users/mdjavedulferdous/Documents/Dataset/Testing/Point2.html
1,263,538,1,0,4,3,/Users/mdjavedulferdous/Documents/Dataset/Testing/Point2.html
0,3,574,0,1,0,2,/Users/mdjavedulferdous/Documents/Dataset/Testing/Point2.html
0,0,577,0,1,0,0,/Users/mdjavedulferdous/Documents/Dataset/Testing/Point2.html
0,0,577,0,1,0,0,/Users/mdjavedulferdous/Documents/Dataset/Testing/Point2.html
0,3,574,0,1,0,2,/Users/mdjavedulferdous/Documents/Dataset/Testing/Point2.html
0,12,573,1,43,0,2,/Users/mdjavedulferdous/Documents/Dataset/Testing/Point2.html
0,0,577,0,1,0,0,/Users/mdjavedulferdous/Documents/Dataset/Testing/Point2.html
0,12,573,1,43,0,2,/Users/mdjavedulferdous/Documents/Dataset/Testing/Point2.html
0,0,577,1,43,0,0,/Users/mdjavedulferdous/Documents/Dataset/Testing/Point2.html
0,0,577,1,43,0,0,/Users/mdjavedulferdous/Documents/Dataset/Testing/Point2.html
0,12,573,1,1,0,2,/Users/mdjavedulferdous/Documents/Dataset/Testing/Point2.html
0,3,574,0,1,0,2,/Users/mdjavedulferdous/Documents/Dataset/Testing/Point2.html
0,9,576,0,1,0,2,/Users/mdjavedulferdous/Documents/Dataset/Testing/Point2.html
0,9,576,0,1,0,2,/Users/mdjavedulferdous/Documents/Dataset/Testing/Point2.html
0,9,576,0,1,0,2,/Users/mdjavedulferdous/Documents/Dataset/Testing/Point2.html
1,239,550,1,12,0,3,/Users/mdjavedulferdous/Documents/Dataset/Testing/Point2.html
1,239,550,1,24,0,3,/Users/mdjavedulferdous/Documents/Dataset/Testing/Point2.html
0,10,574,0,22,0,2,/Users/mdjavedulferdous/Documents/Dataset/Testing/Point2.html
0,6,575,0,1,0,2,/Users/mdjavedulferdous/Documents/Dataset/Testing/Point2.html
0,6,575,0,1,0,2,/Users/mdjavedulferdous/Documents/Dataset/Testing/Point2.html
0,6,575,0,1,0,2,/Users/mdjavedulferdous/Documents/Dataset/Testing/Point2.html
0,6,575,0,1,0,2,/Users/mdjavedulferdous/Documents/Dataset/Testing/Point2.html
0,2,576,0,1,0,2,/Users/mdjavedulferdous/Documents/Dataset/Testing/Point2.html
0,4,574,0,0,0,2,/Users/mdjavedulferdous/Documents/Dataset/Testing/Point2.html
0,1,576,0,16,0,2,/Users/mdjavedulferdous/Documents/Dataset/Testing/Point2.html
0,1,576,0,23,0,2,/Users/mdjavedulferdous/Documents/Dataset/Testing/Point2.html
0,1,576,0,23,0,2,/Users/mdjavedulferdous/Documents/Dataset/Testing/Point2.html
0,0,577,0,23,0,0,/Users/mdjavedulferdous/Documents/Dataset/Testing/Point2.html
0,0,577,0,16,0,0,/Users/mdjavedulferdous/Documents/Dataset/Testing/Point2.html
0,0,577,0,16,0,0,/Users/mdjavedulferdous/Documents/Dataset/Testing/Point2.html
0,2,575,0,0,0,2,/Users/mdjavedulferdous/Documents/Dataset/Testing/Point2.html
0,0,577,0,0,0,0,/Users/mdjavedulferdous/Documents/Dataset/Testing/Point2.html
0,1,576,0,1,0,2,/Users/mdjavedulferdous/Documents/Dataset/Testing/Point2.html
0,1,576,0,1,0,2,/Users/mdjavedulferdous/Documents/Dataset/Testing/Point2.html
0,0,577,0,1,0,0,/Users/mdjavedulferdous/Documents/Dataset/Testing/Point2.html
0,1,576,0,1,0,2,/Users/mdjavedulferdous/Documents/Dataset/Testing/Point2.html
0,10,574,0,22,0,2,/Users/mdjavedulferdous/Documents/Dataset/Testing/Point2.html
0,6,575,0,1,0,2,/Users/mdjavedulferdous/Documents/Dataset/Testing/Point2.html
0,6,575,0,1,0,2,/Users/mdjavedulferdous/Documents/Dataset/Testing/Point2.html
0,6,575,0,1,0,2,/Users/mdjavedulferdous/Documents/Dataset/Testing/Point2.html
0,6,575,0,1,0,2,/Users/mdjavedulferdous/Documents/Dataset/Testing/Point2.html
0,2,576,0,1,0,2,/Users/mdjavedulferdous/Documents/Dataset/Testing/Point2.html
0,4,574,0,0,0,2,/Users/mdjavedulferdous/Documents/Dataset/Testing/Point2.html
0,1,576,0,14,0,2,/Users/mdjavedulferdous/Documents/Dataset/Testing/Point2.html
0,1,576,0,23,0,2,/Users/mdjavedulferdous/Documents/Dataset/Testing/Point2.html
0,1,576,0,23,0,2,/Users/mdjavedulferdous/Documents/Dataset/Testing/Point2.html
0,0,577,0,23,0,0,/Users/mdjavedulferdous/Documents/Dataset/Testing/Point2.html
0,0,577,0,14,0,0,/Users/mdjavedulferdous/Documents/Dataset/Testing/Point2.html
0,0,577,0,14,0,0,/Users/mdjavedulferdous/Documents/Dataset/Testing/Point2.html
0,2,575,0,0,0,2,/Users/mdjavedulferdous/Documents/Dataset/Testing/Point2.html
0,0,577,0,0,0,0,/Users/mdjavedulferdous/Documents/Dataset/Testing/Point2.html
0,1,576,0,1,0,2,/Users/mdjavedulferdous/Documents/Dataset/Testing/Point2.html
0,1,576,0,1,0,2,/Users/mdjavedulferdous/Documents/Dataset/Testing/Point2.html
0,0,577,0,1,0,0,/Users/mdjavedulferdous/Documents/Dataset/Testing/Point2.html
0,1,576,0,1,0,2,/Users/mdjavedulferdous/Documents/Dataset/Testing/Point2.html
0,10,574,0,21,0,2,/Users/mdjavedulferdous/Documents/Dataset/Testing/Point2.html
0,6,575,0,1,0,2,/Users/mdjavedulferdous/Documents/Dataset/Testing/Point2.html
0,6,575,0,1,0,2,/Users/mdjavedulferdous/Documents/Dataset/Testing/Point2.html
0,6,575,0,1,0,2,/Users/mdjavedulferdous/Documents/Dataset/Testing/Point2.html
0,6,575,0,1,0,2,/Users/mdjavedulferdous/Documents/Dataset/Testing/Point2.html
0,2,576,0,1,0,2,/Users/mdjavedulferdous/Documents/Dataset/Testing/Point2.html
0,4,574,0,90,0,2,/Users/mdjavedulferdous/Documents/Dataset/Testing/Point2.html
0,1,576,0,73,0,2,/Users/mdjavedulferdous/Documents/Dataset/Testing/Point2.html
0,1,576,0,23,0,2,/Users/mdjavedulferdous/Documents/Dataset/Testing/Point2.html
0,1,576,0,23,0,2,/Users/mdjavedulferdous/Documents/Dataset/Testing/Point2.html
0,0,577,0,23,0,0,/Users/mdjavedulferdous/Documents/Dataset/Testing/Point2.html
0,0,577,0,73,0,0,/Users/mdjavedulferdous/Documents/Dataset/Testing/Point2.html
0,0,577,0,73,0,0,/Users/mdjavedulferdous/Documents/Dataset/Testing/Point2.html
0,2,575,0,90,0,2,/Users/mdjavedulferdous/Documents/Dataset/Testing/Point2.html
0,0,577,0,90,0,0,/Users/mdjavedulferdous/Documents/Dataset/Testing/Point2.html
0,1,576,0,1,0,2,/Users/mdjavedulferdous/Documents/Dataset/Testing/Point2.html
0,1,576,0,1,0,2,/Users/mdjavedulferdous/Documents/Dataset/Testing/Point2.html
0,0,577,0,1,0,0,/Users/mdjavedulferdous/Documents/Dataset/Testing/Point2.html
0,1,576,0,1,0,2,/Users/mdjavedulferdous/Documents/Dataset/Testing/Point2.html
0,10,574,0,23,0,2,/Users/mdjavedulferdous/Documents/Dataset/Testing/Point2.html
0,6,575,0,1,0,2,/Users/mdjavedulferdous/Documents/Dataset/Testing/Point2.html
0,6,575,0,1,0,2,/Users/mdjavedulferdous/Documents/Dataset/Testing/Point2.html
0,6,575,0,1,0,2,/Users/mdjavedulferdous/Documents/Dataset/Testing/Point2.html
0,6,575,0,1,0,2,/Users/mdjavedulferdous/Documents/Dataset/Testing/Point2.html
0,2,576,0,1,0,2,/Users/mdjavedulferdous/Documents/Dataset/Testing/Point2.html
0,4,574,0,0,0,2,/Users/mdjavedulferdous/Documents/Dataset/Testing/Point2.html
0,1,576,0,20,0,2,/Users/mdjavedulferdous/Documents/Dataset/Testing/Point2.html
0,1,576,0,23,0,2,/Users/mdjavedulferdous/Documents/Dataset/Testing/Point2.html
0,1,576,0,23,0,2,/Users/mdjavedulferdous/Documents/Dataset/Testing/Point2.html
0,0,577,0,23,0,0,/Users/mdjavedulferdous/Documents/Dataset/Testing/Point2.html
0,0,577,0,20,0,0,/Users/mdjavedulferdous/Documents/Dataset/Testing/Point2.html
0,0,577,0,20,0,0,/Users/mdjavedulferdous/Documents/Dataset/Testing/Point2.html
0,2,575,0,0,0,2,/Users/mdjavedulferdous/Documents/Dataset/Testing/Point2.html
0,0,577,0,0,0,0,/Users/mdjavedulferdous/Documents/Dataset/Testing/Point2.html
0,1,576,0,1,0,2,/Users/mdjavedulferdous/Documents/Dataset/Testing/Point2.html
0,1,576,0,1,0,2,/Users/mdjavedulferdous/Documents/Dataset/Testing/Point2.html
0,0,577,0,1,0,0,/Users/mdjavedulferdous/Documents/Dataset/Testing/Point2.html
0,1,576,0,1,0,2,/Users/mdjavedulferdous/Documents/Dataset/Testing/Point2.html
0,10,574,0,18,0,2,/Users/mdjavedulferdous/Documents/Dataset/Testing/Point2.html
0,6,575,0,1,0,2,/Users/mdjavedulferdous/Documents/Dataset/Testing/Point2.html
0,6,575,0,1,0,2,/Users/mdjavedulferdous/Documents/Dataset/Testing/Point2.html
0,6,575,0,1,0,2,/Users/mdjavedulferdous/Documents/Dataset/Testing/Point2.html
0,6,575,0,1,0,2,/Users/mdjavedulferdous/Documents/Dataset/Testing/Point2.html
0,2,576,0,1,0,2,/Users/mdjavedulferdous/Documents/Dataset/Testing/Point2.html
0,4,574,0,0,0,2,/Users/mdjavedulferdous/Documents/Dataset/Testing/Point2.html
0,1,576,0,23,0,2,/Users/mdjavedulferdous/Documents/Dataset/Testing/Point2.html
0,1,576,0,23,0,2,/Users/mdjavedulferdous/Documents/Dataset/Testing/Point2.html
0,1,576,0,23,0,2,/Users/mdjavedulferdous/Documents/Dataset/Testing/Point2.html
0,0,577,0,23,0,0,/Users/mdjavedulferdous/Documents/Dataset/Testing/Point2.html
0,0,577,0,23,0,0,/Users/mdjavedulferdous/Documents/Dataset/Testing/Point2.html
0,0,577,0,23,0,0,/Users/mdjavedulferdous/Documents/Dataset/Testing/Point2.html
0,2,575,0,0,0,2,/Users/mdjavedulferdous/Documents/Dataset/Testing/Point2.html
0,0,577,0,0,0,0,/Users/mdjavedulferdous/Documents/Dataset/Testing/Point2.html
0,1,576,0,1,0,2,/Users/mdjavedulferdous/Documents/Dataset/Testing/Point2.html
0,1,576,0,1,0,2,/Users/mdjavedulferdous/Documents/Dataset/Testing/Point2.html
0,0,577,0,1,0,0,/Users/mdjavedulferdous/Documents/Dataset/Testing/Point2.html
0,1,576,0,1,0,2,/Users/mdjavedulferdous/Documents/Dataset/Testing/Point2.html
0,10,574,0,25,0,2,/Users/mdjavedulferdous/Documents/Dataset/Testing/Point2.html
0,6,575,0,1,0,2,/Users/mdjavedulferdous/Documents/Dataset/Testing/Point2.html
0,6,575,0,1,0,2,/Users/mdjavedulferdous/Documents/Dataset/Testing/Point2.html
0,6,575,0,1,0,2,/Users/mdjavedulferdous/Documents/Dataset/Testing/Point2.html
0,6,575,0,1,0,2,/Users/mdjavedulferdous/Documents/Dataset/Testing/Point2.html
0,2,576,0,1,0,2,/Users/mdjavedulferdous/Documents/Dataset/Testing/Point2.html
0,4,574,0,90,0,2,/Users/mdjavedulferdous/Documents/Dataset/Testing/Point2.html
0,1,576,0,93,0,2,/Users/mdjavedulferdous/Documents/Dataset/Testing/Point2.html
0,1,576,0,23,0,2,/Users/mdjavedulferdous/Documents/Dataset/Testing/Point2.html
0,1,576,0,23,0,2,/Users/mdjavedulferdous/Documents/Dataset/Testing/Point2.html
0,0,577,0,23,0,0,/Users/mdjavedulferdous/Documents/Dataset/Testing/Point2.html
0,0,577,0,93,0,0,/Users/mdjavedulferdous/Documents/Dataset/Testing/Point2.html
0,0,577,0,93,0,0,/Users/mdjavedulferdous/Documents/Dataset/Testing/Point2.html
0,2,575,0,90,0,2,/Users/mdjavedulferdous/Documents/Dataset/Testing/Point2.html
0,0,577,0,90,0,0,/Users/mdjavedulferdous/Documents/Dataset/Testing/Point2.html
0,1,576,0,1,0,2,/Users/mdjavedulferdous/Documents/Dataset/Testing/Point2.html
0,1,576,0,1,0,2,/Users/mdjavedulferdous/Documents/Dataset/Testing/Point2.html
0,0,577,0,1,0,0,/Users/mdjavedulferdous/Documents/Dataset/Testing/Point2.html
0,1,576,0,1,0,2,/Users/mdjavedulferdous/Documents/Dataset/Testing/Point2.html
0,0,577,0,1,0,0,/Users/mdjavedulferdous/Documents/Dataset/Testing/Point2.html
0,2,576,1,2,0,2,/Users/mdjavedulferdous/Documents/Dataset/Testing/Point2.html
0,2,576,1,1,0,2,/Users/mdjavedulferdous/Documents/Dataset/Testing/Point2.html
0,2,576,1,1,0,2,/Users/mdjavedulferdous/Documents/Dataset/Testing/Point2.html
0,2,576,1,1,0,2,/Users/mdjavedulferdous/Documents/Dataset/Testing/Point2.html
0,2,576,1,1,0,2,/Users/mdjavedulferdous/Documents/Dataset/Testing/Point2.html
0,2,576,1,1,0,2,/Users/mdjavedulferdous/Documents/Dataset/Testing/Point2.html
0,1,576,1,1,0,2,/Users/mdjavedulferdous/Documents/Dataset/Testing/Point2.html
0,1,576,1,1,0,2,/Users/mdjavedulferdous/Documents/Dataset/Testing/Point2.html
0,0,577,0,1,0,0,/Users/mdjavedulferdous/Documents/Dataset/Testing/Point2.html
0,0,577,0,1,0,0,/Users/mdjavedulferdous/Documents/Dataset/Testing/Point2.html
0,0,577,0,1,0,0,/Users/mdjavedulferdous/Documents/Dataset/Testing/Point2.html
0,0,577,0,1,0,0,/Users/mdjavedulferdous/Documents/Dataset/Testing/Point2.html
0,0,577,0,1,0,0,/Users/mdjavedulferdous/Documents/Dataset/Testing/Point2.html
0,0,577,0,1,0,0,/Users/mdjavedulferdous/Documents/Dataset/Testing/Point2.html
0,0,577,0,1,0,0,/Users/mdjavedulferdous/Documents/Dataset/Testing/Point2.html
0,0,577,0,1,0,0,/Users/mdjavedulferdous/Documents/Dataset/Testing/Point2.html
0,0,577,0,1,0,0,/Users/mdjavedulferdous/Documents/Dataset/Testing/Point2.html
0,0,577,0,1,0,0,/Users/mdjavedulferdous/Documents/Dataset/Testing/Point2.html
0,0,577,0,1,0,0,/Users/mdjavedulferdous/Documents/Dataset/Testing/Point2.html
0,0,577,0,1,0,0,/Users/mdjavedulferdous/Documents/Dataset/Testing/Point2.html
0,0,577,0,1,0,0,/Users/mdjavedulferdous/Documents/Dataset/Testing/Point2.html
0,0,577,0,1,0,0,/Users/mdjavedulferdous/Documents/Dataset/Testing/Point2.html
0,0,577,0,1,0,0,/Users/mdjavedulferdous/Documents/Dataset/Testing/Point2.html
0,0,577,0,1,0,0,/Users/mdjavedulferdous/Documents/Dataset/Testing/Point2.html
0,0,577,0,1,0,0,/Users/mdjavedulferdous/Documents/Dataset/Testing/Point2.html
0,0,577,0,1,0,0,/Users/mdjavedulferdous/Documents/Dataset/Testing/Point2.html
0,0,577,0,1,0,0,/Users/mdjavedulferdous/Documents/Dataset/Testing/Point2.html
0,0,577,0,1,0,0,/Users/mdjavedulferdous/Documents/Dataset/Testing/Point2.html
0,0,577,0,1,0,0,/Users/mdjavedulferdous/Documents/Dataset/Testing/Point2.html
0,0,577,0,1,0,0,/Users/mdjavedulferdous/Documents/Dataset/Testing/Point2.html
0,0,577,0,1,0,0,/Users/mdjavedulferdous/Documents/Dataset/Testing/Point2.html
0,0,577,0,1,0,0,/Users/mdjavedulferdous/Documents/Dataset/Testing/Point2.html
0,0,577,0,1,0,0,/Users/mdjavedulferdous/Documents/Dataset/Testing/Point2.html
0,0,577,0,1,0,0,/Users/mdjavedulferdous/Documents/Dataset/Testing/Point2.html
0,0,577,0,1,0,0,/Users/mdjavedulferdous/Documents/Dataset/Testing/Point2.html
0,0,577,0,1,0,0,/Users/mdjavedulferdous/Documents/Dataset/Testing/Point2.html
0,0,577,0,1,0,0,/Users/mdjavedulferdous/Documents/Dataset/Testing/Point2.html
0,0,577,0,1,0,0,/Users/mdjavedulferdous/Documents/Dataset/Testing/Point2.html
0,0,577,0,1,0,0,/Users/mdjavedulferdous/Documents/Dataset/Testing/Point2.html
0,0,577,0,1,0,0,/Users/mdjavedulferdous/Documents/Dataset/Testing/Point2.html
0,0,577,0,1,0,0,/Users/mdjavedulferdous/Documents/Dataset/Testing/Point2.html
0,0,577,0,1,0,0,/Users/mdjavedulferdous/Documents/Dataset/Testing/Point2.html
0,0,577,0,1,0,0,/Users/mdjavedulferdous/Documents/Dataset/Testing/Point2.html
0,0,577,0,1,0,0,/Users/mdjavedulferdous/Documents/Dataset/Testing/Point2.html
0,0,577,0,1,0,0,/Users/mdjavedulferdous/Documents/Dataset/Testing/Point2.html
0,0,577,1,1,0,0,/Users/mdjavedulferdous/Documents/Dataset/Testing/Point2.html
0,1,576,0,1,0,2,/Users/mdjavedulferdous/Documents/Dataset/Testing/Point2.html
0,1,576,0,1,0,2,/Users/mdjavedulferdous/Documents/Dataset/Testing/Point2.html
0,1,576,0,1,0,2,/Users/mdjavedulferdous/Documents/Dataset/Testing/Point2.html
0,0,577,0,1,0,0,/Users/mdjavedulferdous/Documents/Dataset/Testing/Point2.html
0,0,577,0,1,0,0,/Users/mdjavedulferdous/Documents/Dataset/Testing/Point2.html
0,0,577,0,1,0,0,/Users/mdjavedulferdous/Documents/Dataset/Testing/Point2.html
0,0,577,0,1,0,0,/Users/mdjavedulferdous/Documents/Dataset/Testing/Point2.html
0,0,577,0,1,0,0,/Users/mdjavedulferdous/Documents/Dataset/Testing/Point2.html
0,0,577,0,1,0,0,/Users/mdjavedulferdous/Documents/Dataset/Testing/Point2.html
0,0,577,0,1,0,0,/Users/mdjavedulferdous/Documents/Dataset/Testing/Point2.html
0,0,577,0,1,0,0,/Users/mdjavedulferdous/Documents/Dataset/Testing/Point2.html
0,0,577,0,1,0,0,/Users/mdjavedulferdous/Documents/Dataset/Testing/Point2.html
0,0,577,0,1,0,0,/Users/mdjavedulferdous/Documents/Dataset/Testing/Point2.html
0,0,577,0,1,0,0,/Users/mdjavedulferdous/Documents/Dataset/Testing/Point2.html
0,0,577,0,1,0,0,/Users/mdjavedulferdous/Documents/Dataset/Testing/Point2.html
0,0,577,0,1,0,0,/Users/mdjavedulferdous/Documents/Dataset/Testing/Point2.html
0,0,577,0,1,0,0,/Users/mdjavedulferdous/Documents/Dataset/Testing/Point2.html
0,0,577,0,1,0,0,/Users/mdjavedulferdous/Documents/Dataset/Testing/Point2.html
0,0,577,0,1,0,0,/Users/mdjavedulferdous/Documents/Dataset/Testing/Point2.html
0,0,577,0,1,0,0,/Users/mdjavedulferdous/Documents/Dataset/Testing/Point2.html
0,0,577,0,1,0,0,/Users/mdjavedulferdous/Documents/Dataset/Testing/Point2.html
0,0,577,0,1,0,0,/Users/mdjavedulferdous/Documents/Dataset/Testing/Point2.html
0,0,577,0,1,0,0,/Users/mdjavedulferdous/Documents/Dataset/Testing/Point2.html
0,0,577,0,1,0,0,/Users/mdjavedulferdous/Documents/Dataset/Testing/Point2.html
0,0,577,0,1,0,0,/Users/mdjavedulferdous/Documents/Dataset/Testing/Point2.html
0,0,577,0,1,0,0,/Users/mdjavedulferdous/Documents/Dataset/Testing/Point2.html
0,0,577,0,1,0,0,/Users/mdjavedulferdous/Documents/Dataset/Testing/Point2.html
0,0,577,0,1,0,0,/Users/mdjavedulferdous/Documents/Dataset/Testing/Point2.html
0,0,577,0,1,0,0,/Users/mdjavedulferdous/Documents/Dataset/Testing/Point2.html
0,0,577,0,1,0,0,/Users/mdjavedulferdous/Documents/Dataset/Testing/Point2.html
0,0,577,0,1,0,0,/Users/mdjavedulferdous/Documents/Dataset/Testing/Point2.html
0,0,577,0,1,0,0,/Users/mdjavedulferdous/Documents/Dataset/Testing/Point2.html
0,0,577,0,1,0,0,/Users/mdjavedulferdous/Documents/Dataset/Testing/Point2.html
0,0,577,0,1,0,0,/Users/mdjavedulferdous/Documents/Dataset/Testing/Point2.html
0,0,577,0,1,0,0,/Users/mdjavedulferdous/Documents/Dataset/Testing/Point2.html
0,0,577,0,1,0,0,/Users/mdjavedulferdous/Documents/Dataset/Testing/Point2.html
0,0,577,0,1,0,0,/Users/mdjavedulferdous/Documents/Dataset/Testing/Point2.html
0,0,577,0,1,0,0,/Users/mdjavedulferdous/Documents/Dataset/Testing/Point2.html
0,10,574,0,29,0,2,/Users/mdjavedulferdous/Documents/Dataset/Testing/Point2.html
0,6,575,0,1,0,2,/Users/mdjavedulferdous/Documents/Dataset/Testing/Point2.html
0,6,575,0,1,0,2,/Users/mdjavedulferdous/Documents/Dataset/Testing/Point2.html
0,6,575,0,1,0,2,/Users/mdjavedulferdous/Documents/Dataset/Testing/Point2.html
0,6,575,0,1,0,2,/Users/mdjavedulferdous/Documents/Dataset/Testing/Point2.html
0,2,576,0,1,0,2,/Users/mdjavedulferdous/Documents/Dataset/Testing/Point2.html
0,4,574,0,0,0,2,/Users/mdjavedulferdous/Documents/Dataset/Testing/Point2.html
0,1,576,0,40,0,2,/Users/mdjavedulferdous/Documents/Dataset/Testing/Point2.html
0,1,576,0,23,0,2,/Users/mdjavedulferdous/Documents/Dataset/Testing/Point2.html
0,1,576,0,23,0,2,/Users/mdjavedulferdous/Documents/Dataset/Testing/Point2.html
0,0,577,0,23,0,0,/Users/mdjavedulferdous/Documents/Dataset/Testing/Point2.html
0,0,577,0,40,0,0,/Users/mdjavedulferdous/Documents/Dataset/Testing/Point2.html
0,0,577,0,40,0,0,/Users/mdjavedulferdous/Documents/Dataset/Testing/Point2.html
0,2,575,0,0,0,2,/Users/mdjavedulferdous/Documents/Dataset/Testing/Point2.html
0,0,577,0,0,0,0,/Users/mdjavedulferdous/Documents/Dataset/Testing/Point2.html
0,1,576,0,1,0,2,/Users/mdjavedulferdous/Documents/Dataset/Testing/Point2.html
0,1,576,0,1,0,2,/Users/mdjavedulferdous/Documents/Dataset/Testing/Point2.html
0,0,577,0,1,0,0,/Users/mdjavedulferdous/Documents/Dataset/Testing/Point2.html
0,1,576,0,1,0,2,/Users/mdjavedulferdous/Documents/Dataset/Testing/Point2.html
0,10,574,0,22,0,2,/Users/mdjavedulferdous/Documents/Dataset/Testing/Point2.html
0,6,575,0,1,0,2,/Users/mdjavedulferdous/Documents/Dataset/Testing/Point2.html
0,6,575,0,1,0,2,/Users/mdjavedulferdous/Documents/Dataset/Testing/Point2.html
0,6,575,0,1,0,2,/Users/mdjavedulferdous/Documents/Dataset/Testing/Point2.html
0,6,575,0,1,0,2,/Users/mdjavedulferdous/Documents/Dataset/Testing/Point2.html
0,2,576,0,1,0,2,/Users/mdjavedulferdous/Documents/Dataset/Testing/Point2.html
0,4,574,0,90,0,2,/Users/mdjavedulferdous/Documents/Dataset/Testing/Point2.html
0,1,576,0,2,0,2,/Users/mdjavedulferdous/Documents/Dataset/Testing/Point2.html
0,1,576,0,23,0,2,/Users/mdjavedulferdous/Documents/Dataset/Testing/Point2.html
0,1,576,0,23,0,2,/Users/mdjavedulferdous/Documents/Dataset/Testing/Point2.html
0,0,577,0,23,0,0,/Users/mdjavedulferdous/Documents/Dataset/Testing/Point2.html
0,0,577,0,2,0,0,/Users/mdjavedulferdous/Documents/Dataset/Testing/Point2.html
0,0,577,0,2,0,0,/Users/mdjavedulferdous/Documents/Dataset/Testing/Point2.html
0,2,575,0,90,0,2,/Users/mdjavedulferdous/Documents/Dataset/Testing/Point2.html
0,0,577,0,90,0,0,/Users/mdjavedulferdous/Documents/Dataset/Testing/Point2.html
0,1,576,0,1,0,2,/Users/mdjavedulferdous/Documents/Dataset/Testing/Point2.html
0,1,576,0,1,0,2,/Users/mdjavedulferdous/Documents/Dataset/Testing/Point2.html
0,0,577,0,1,0,0,/Users/mdjavedulferdous/Documents/Dataset/Testing/Point2.html
0,1,576,0,1,0,2,/Users/mdjavedulferdous/Documents/Dataset/Testing/Point2.html
0,10,574,0,27,0,2,/Users/mdjavedulferdous/Documents/Dataset/Testing/Point2.html
0,6,575,0,1,0,2,/Users/mdjavedulferdous/Documents/Dataset/Testing/Point2.html
0,6,575,0,1,0,2,/Users/mdjavedulferdous/Documents/Dataset/Testing/Point2.html
0,6,575,0,1,0,2,/Users/mdjavedulferdous/Documents/Dataset/Testing/Point2.html
0,6,575,0,1,0,2,/Users/mdjavedulferdous/Documents/Dataset/Testing/Point2.html
0,2,576,0,1,0,2,/Users/mdjavedulferdous/Documents/Dataset/Testing/Point2.html
0,4,574,0,0,0,2,/Users/mdjavedulferdous/Documents/Dataset/Testing/Point2.html
0,1,576,0,70,0,2,/Users/mdjavedulferdous/Documents/Dataset/Testing/Point2.html
0,1,576,0,23,0,2,/Users/mdjavedulferdous/Documents/Dataset/Testing/Point2.html
0,1,576,0,23,0,2,/Users/mdjavedulferdous/Documents/Dataset/Testing/Point2.html
0,0,577,0,23,0,0,/Users/mdjavedulferdous/Documents/Dataset/Testing/Point2.html
0,0,577,0,70,0,0,/Users/mdjavedulferdous/Documents/Dataset/Testing/Point2.html
0,0,577,0,70,0,0,/Users/mdjavedulferdous/Documents/Dataset/Testing/Point2.html
0,2,575,0,0,0,2,/Users/mdjavedulferdous/Documents/Dataset/Testing/Point2.html
0,0,577,0,0,0,0,/Users/mdjavedulferdous/Documents/Dataset/Testing/Point2.html
0,1,576,0,1,0,2,/Users/mdjavedulferdous/Documents/Dataset/Testing/Point2.html
0,1,576,0,1,0,2,/Users/mdjavedulferdous/Documents/Dataset/Testing/Point2.html
0,0,577,0,1,0,0,/Users/mdjavedulferdous/Documents/Dataset/Testing/Point2.html
0,1,576,0,1,0,2,/Users/mdjavedulferdous/Documents/Dataset/Testing/Point2.html
0,10,574,0,25,0,2,/Users/mdjavedulferdous/Documents/Dataset/Testing/Point2.html
0,6,575,0,1,0,2,/Users/mdjavedulferdous/Documents/Dataset/Testing/Point2.html
0,6,575,0,1,0,2,/Users/mdjavedulferdous/Documents/Dataset/Testing/Point2.html
0,6,575,0,1,0,2,/Users/mdjavedulferdous/Documents/Dataset/Testing/Point2.html
0,6,575,0,1,0,2,/Users/mdjavedulferdous/Documents/Dataset/Testing/Point2.html
0,2,576,0,1,0,2,/Users/mdjavedulferdous/Documents/Dataset/Testing/Point2.html
0,4,574,0,0,0,2,/Users/mdjavedulferdous/Documents/Dataset/Testing/Point2.html
0,1,576,0,14,0,2,/Users/mdjavedulferdous/Documents/Dataset/Testing/Point2.html
0,1,576,0,23,0,2,/Users/mdjavedulferdous/Documents/Dataset/Testing/Point2.html
0,1,576,0,23,0,2,/Users/mdjavedulferdous/Documents/Dataset/Testing/Point2.html
0,0,577,0,23,0,0,/Users/mdjavedulferdous/Documents/Dataset/Testing/Point2.html
0,0,577,0,14,0,0,/Users/mdjavedulferdous/Documents/Dataset/Testing/Point2.html
0,0,577,0,14,0,0,/Users/mdjavedulferdous/Documents/Dataset/Testing/Point2.html
0,2,575,0,0,0,2,/Users/mdjavedulferdous/Documents/Dataset/Testing/Point2.html
0,0,577,0,0,0,0,/Users/mdjavedulferdous/Documents/Dataset/Testing/Point2.html
0,1,576,0,1,0,2,/Users/mdjavedulferdous/Documents/Dataset/Testing/Point2.html
0,1,576,0,1,0,2,/Users/mdjavedulferdous/Documents/Dataset/Testing/Point2.html
0,0,577,0,1,0,0,/Users/mdjavedulferdous/Documents/Dataset/Testing/Point2.html
0,1,576,0,1,0,2,/Users/mdjavedulferdous/Documents/Dataset/Testing/Point2.html
0,10,574,0,24,0,2,/Users/mdjavedulferdous/Documents/Dataset/Testing/Point2.html
0,6,575,0,1,0,2,/Users/mdjavedulferdous/Documents/Dataset/Testing/Point2.html
0,6,575,0,1,0,2,/Users/mdjavedulferdous/Documents/Dataset/Testing/Point2.html
0,6,575,0,1,0,2,/Users/mdjavedulferdous/Documents/Dataset/Testing/Point2.html
0,6,575,0,1,0,2,/Users/mdjavedulferdous/Documents/Dataset/Testing/Point2.html
0,2,576,0,1,0,2,/Users/mdjavedulferdous/Documents/Dataset/Testing/Point2.html
0,4,574,0,0,0,2,/Users/mdjavedulferdous/Documents/Dataset/Testing/Point2.html
0,1,576,0,98,0,2,/Users/mdjavedulferdous/Documents/Dataset/Testing/Point2.html
0,1,576,0,23,0,2,/Users/mdjavedulferdous/Documents/Dataset/Testing/Point2.html
0,1,576,0,23,0,2,/Users/mdjavedulferdous/Documents/Dataset/Testing/Point2.html
0,0,577,0,23,0,0,/Users/mdjavedulferdous/Documents/Dataset/Testing/Point2.html
0,0,577,0,98,0,0,/Users/mdjavedulferdous/Documents/Dataset/Testing/Point2.html
0,0,577,0,98,0,0,/Users/mdjavedulferdous/Documents/Dataset/Testing/Point2.html
0,2,575,0,0,0,2,/Users/mdjavedulferdous/Documents/Dataset/Testing/Point2.html
0,0,577,0,0,0,0,/Users/mdjavedulferdous/Documents/Dataset/Testing/Point2.html
0,1,576,0,1,0,2,/Users/mdjavedulferdous/Documents/Dataset/Testing/Point2.html
0,1,576,0,1,0,2,/Users/mdjavedulferdous/Documents/Dataset/Testing/Point2.html
0,0,577,0,1,0,0,/Users/mdjavedulferdous/Documents/Dataset/Testing/Point2.html
0,1,576,0,1,0,2,/Users/mdjavedulferdous/Documents/Dataset/Testing/Point2.html
0,7,574,0,27,0,2,/Users/mdjavedulferdous/Documents/Dataset/Testing/Point2.html
0,3,575,0,1,0,2,/Users/mdjavedulferdous/Documents/Dataset/Testing/Point2.html
0,3,575,0,1,0,2,/Users/mdjavedulferdous/Documents/Dataset/Testing/Point2.html
0,3,575,0,1,0,2,/Users/mdjavedulferdous/Documents/Dataset/Testing/Point2.html
0,3,575,0,1,0,2,/Users/mdjavedulferdous/Documents/Dataset/Testing/Point2.html
0,2,576,0,1,0,2,/Users/mdjavedulferdous/Documents/Dataset/Testing/Point2.html
0,4,574,0,0,0,2,/Users/mdjavedulferdous/Documents/Dataset/Testing/Point2.html
0,1,576,0,23,0,2,/Users/mdjavedulferdous/Documents/Dataset/Testing/Point2.html
0,1,576,0,23,0,2,/Users/mdjavedulferdous/Documents/Dataset/Testing/Point2.html
0,1,576,0,23,0,2,/Users/mdjavedulferdous/Documents/Dataset/Testing/Point2.html
0,0,577,0,23,0,0,/Users/mdjavedulferdous/Documents/Dataset/Testing/Point2.html
0,0,577,0,23,0,0,/Users/mdjavedulferdous/Documents/Dataset/Testing/Point2.html
0,0,577,0,23,0,0,/Users/mdjavedulferdous/Documents/Dataset/Testing/Point2.html
0,2,575,0,0,0,2,/Users/mdjavedulferdous/Documents/Dataset/Testing/Point2.html
0,0,577,0,0,0,0,/Users/mdjavedulferdous/Documents/Dataset/Testing/Point2.html
0,1,576,0,1,0,2,/Users/mdjavedulferdous/Documents/Dataset/Testing/Point2.html
0,1,576,0,1,0,2,/Users/mdjavedulferdous/Documents/Dataset/Testing/Point2.html
0,0,577,0,1,0,0,/Users/mdjavedulferdous/Documents/Dataset/Testing/Point2.html
0,1,576,0,1,0,2,/Users/mdjavedulferdous/Documents/Dataset/Testing/Point2.html
0,10,574,0,24,0,2,/Users/mdjavedulferdous/Documents/Dataset/Testing/Point2.html
0,6,575,0,1,0,2,/Users/mdjavedulferdous/Documents/Dataset/Testing/Point2.html
0,6,575,0,1,0,2,/Users/mdjavedulferdous/Documents/Dataset/Testing/Point2.html
0,6,575,0,1,0,2,/Users/mdjavedulferdous/Documents/Dataset/Testing/Point2.html
0,6,575,0,1,0,2,/Users/mdjavedulferdous/Documents/Dataset/Testing/Point2.html
0,2,576,0,1,0,2,/Users/mdjavedulferdous/Documents/Dataset/Testing/Point2.html
0,4,574,0,90,0,2,/Users/mdjavedulferdous/Documents/Dataset/Testing/Point2.html
0,1,576,0,80,0,2,/Users/mdjavedulferdous/Documents/Dataset/Testing/Point2.html
0,1,576,0,23,0,2,/Users/mdjavedulferdous/Documents/Dataset/Testing/Point2.html
0,1,576,0,23,0,2,/Users/mdjavedulferdous/Documents/Dataset/Testing/Point2.html
0,0,577,0,23,0,0,/Users/mdjavedulferdous/Documents/Dataset/Testing/Point2.html
0,0,577,0,80,0,0,/Users/mdjavedulferdous/Documents/Dataset/Testing/Point2.html
0,0,577,0,80,0,0,/Users/mdjavedulferdous/Documents/Dataset/Testing/Point2.html
0,2,575,0,90,0,2,/Users/mdjavedulferdous/Documents/Dataset/Testing/Point2.html
0,0,577,0,90,0,0,/Users/mdjavedulferdous/Documents/Dataset/Testing/Point2.html
0,1,576,0,1,0,2,/Users/mdjavedulferdous/Documents/Dataset/Testing/Point2.html
0,1,576,0,1,0,2,/Users/mdjavedulferdous/Documents/Dataset/Testing/Point2.html
0,0,577,0,1,0,0,/Users/mdjavedulferdous/Documents/Dataset/Testing/Point2.html
0,1,576,0,1,0,2,/Users/mdjavedulferdous/Documents/Dataset/Testing/Point2.html
0,10,574,0,17,0,2,/Users/mdjavedulferdous/Documents/Dataset/Testing/Point2.html
0,6,575,0,1,0,2,/Users/mdjavedulferdous/Documents/Dataset/Testing/Point2.html
0,6,575,0,1,0,2,/Users/mdjavedulferdous/Documents/Dataset/Testing/Point2.html
0,6,575,0,1,0,2,/Users/mdjavedulferdous/Documents/Dataset/Testing/Point2.html
0,6,575,0,1,0,2,/Users/mdjavedulferdous/Documents/Dataset/Testing/Point2.html
0,2,576,0,1,0,2,/Users/mdjavedulferdous/Documents/Dataset/Testing/Point2.html
0,4,574,0,0,0,2,/Users/mdjavedulferdous/Documents/Dataset/Testing/Point2.html
0,1,576,0,40,0,2,/Users/mdjavedulferdous/Documents/Dataset/Testing/Point2.html
0,1,576,0,23,0,2,/Users/mdjavedulferdous/Documents/Dataset/Testing/Point2.html
0,1,576,0,23,0,2,/Users/mdjavedulferdous/Documents/Dataset/Testing/Point2.html
0,0,577,0,23,0,0,/Users/mdjavedulferdous/Documents/Dataset/Testing/Point2.html
0,0,577,0,40,0,0,/Users/mdjavedulferdous/Documents/Dataset/Testing/Point2.html
0,0,577,0,40,0,0,/Users/mdjavedulferdous/Documents/Dataset/Testing/Point2.html
0,2,575,0,0,0,2,/Users/mdjavedulferdous/Documents/Dataset/Testing/Point2.html
0,0,577,0,0,0,0,/Users/mdjavedulferdous/Documents/Dataset/Testing/Point2.html
0,1,576,0,1,0,2,/Users/mdjavedulferdous/Documents/Dataset/Testing/Point2.html
0,1,576,0,1,0,2,/Users/mdjavedulferdous/Documents/Dataset/Testing/Point2.html
0,0,577,0,1,0,0,/Users/mdjavedulferdous/Documents/Dataset/Testing/Point2.html
0,1,576,0,1,0,2,/Users/mdjavedulferdous/Documents/Dataset/Testing/Point2.html
0,10,574,0,25,0,2,/Users/mdjavedulferdous/Documents/Dataset/Testing/Point2.html
0,6,575,0,1,0,2,/Users/mdjavedulferdous/Documents/Dataset/Testing/Point2.html
0,6,575,0,1,0,2,/Users/mdjavedulferdous/Documents/Dataset/Testing/Point2.html
0,6,575,0,1,0,2,/Users/mdjavedulferdous/Documents/Dataset/Testing/Point2.html
0,6,575,0,1,0,2,/Users/mdjavedulferdous/Documents/Dataset/Testing/Point2.html
0,2,576,0,1,0,2,/Users/mdjavedulferdous/Documents/Dataset/Testing/Point2.html
0,4,574,0,0,0,2,/Users/mdjavedulferdous/Documents/Dataset/Testing/Point2.html
0,1,576,0,12,0,2,/Users/mdjavedulferdous/Documents/Dataset/Testing/Point2.html
0,1,576,0,23,0,2,/Users/mdjavedulferdous/Documents/Dataset/Testing/Point2.html
0,1,576,0,23,0,2,/Users/mdjavedulferdous/Documents/Dataset/Testing/Point2.html
0,0,577,0,23,0,0,/Users/mdjavedulferdous/Documents/Dataset/Testing/Point2.html
0,0,577,0,12,0,0,/Users/mdjavedulferdous/Documents/Dataset/Testing/Point2.html
0,0,577,0,12,0,0,/Users/mdjavedulferdous/Documents/Dataset/Testing/Point2.html
0,2,575,0,0,0,2,/Users/mdjavedulferdous/Documents/Dataset/Testing/Point2.html
0,0,577,0,0,0,0,/Users/mdjavedulferdous/Documents/Dataset/Testing/Point2.html
0,1,576,0,1,0,2,/Users/mdjavedulferdous/Documents/Dataset/Testing/Point2.html
0,1,576,0,1,0,2,/Users/mdjavedulferdous/Documents/Dataset/Testing/Point2.html
0,0,577,0,1,0,0,/Users/mdjavedulferdous/Documents/Dataset/Testing/Point2.html
0,1,576,0,1,0,2,/Users/mdjavedulferdous/Documents/Dataset/Testing/Point2.html
0,10,574,0,29,0,2,/Users/mdjavedulferdous/Documents/Dataset/Testing/Point2.html
0,6,575,0,1,0,2,/Users/mdjavedulferdous/Documents/Dataset/Testing/Point2.html
0,6,575,0,1,0,2,/Users/mdjavedulferdous/Documents/Dataset/Testing/Point2.html
0,6,575,0,1,0,2,/Users/mdjavedulferdous/Documents/Dataset/Testing/Point2.html
0,6,575,0,1,0,2,/Users/mdjavedulferdous/Documents/Dataset/Testing/Point2.html
0,2,576,0,1,0,2,/Users/mdjavedulferdous/Documents/Dataset/Testing/Point2.html
0,4,574,0,0,0,2,/Users/mdjavedulferdous/Documents/Dataset/Testing/Point2.html
0,1,576,0,85,0,2,/Users/mdjavedulferdous/Documents/Dataset/Testing/Point2.html
0,1,576,0,23,0,2,/Users/mdjavedulferdous/Documents/Dataset/Testing/Point2.html
0,1,576,0,23,0,2,/Users/mdjavedulferdous/Documents/Dataset/Testing/Point2.html
0,0,577,0,23,0,0,/Users/mdjavedulferdous/Documents/Dataset/Testing/Point2.html
0,0,577,0,85,0,0,/Users/mdjavedulferdous/Documents/Dataset/Testing/Point2.html
0,0,577,0,85,0,0,/Users/mdjavedulferdous/Documents/Dataset/Testing/Point2.html
0,2,575,0,0,0,2,/Users/mdjavedulferdous/Documents/Dataset/Testing/Point2.html
0,0,577,0,0,0,0,/Users/mdjavedulferdous/Documents/Dataset/Testing/Point2.html
0,1,576,0,1,0,2,/Users/mdjavedulferdous/Documents/Dataset/Testing/Point2.html
0,1,576,0,1,0,2,/Users/mdjavedulferdous/Documents/Dataset/Testing/Point2.html
0,0,577,0,1,0,0,/Users/mdjavedulferdous/Documents/Dataset/Testing/Point2.html
0,1,576,0,1,0,2,/Users/mdjavedulferdous/Documents/Dataset/Testing/Point2.html
1,0,577,0,1,0,1,/Users/mdjavedulferdous/Documents/Dataset/Testing/Point2.html
0,10,574,0,28,0,2,/Users/mdjavedulferdous/Documents/Dataset/Testing/Point2.html
0,6,575,0,1,0,2,/Users/mdjavedulferdous/Documents/Dataset/Testing/Point2.html
0,6,575,0,1,0,2,/Users/mdjavedulferdous/Documents/Dataset/Testing/Point2.html
0,6,575,0,1,0,2,/Users/mdjavedulferdous/Documents/Dataset/Testing/Point2.html
0,6,575,0,1,0,2,/Users/mdjavedulferdous/Documents/Dataset/Testing/Point2.html
0,2,576,0,1,0,2,/Users/mdjavedulferdous/Documents/Dataset/Testing/Point2.html
0,4,574,0,0,0,2,/Users/mdjavedulferdous/Documents/Dataset/Testing/Point2.html
0,1,576,0,86,0,2,/Users/mdjavedulferdous/Documents/Dataset/Testing/Point2.html
0,1,576,0,23,0,2,/Users/mdjavedulferdous/Documents/Dataset/Testing/Point2.html
0,1,576,0,23,0,2,/Users/mdjavedulferdous/Documents/Dataset/Testing/Point2.html
0,0,577,0,23,0,0,/Users/mdjavedulferdous/Documents/Dataset/Testing/Point2.html
0,0,577,0,86,0,0,/Users/mdjavedulferdous/Documents/Dataset/Testing/Point2.html
0,0,577,0,86,0,0,/Users/mdjavedulferdous/Documents/Dataset/Testing/Point2.html
0,2,575,0,0,0,2,/Users/mdjavedulferdous/Documents/Dataset/Testing/Point2.html
0,0,577,0,0,0,0,/Users/mdjavedulferdous/Documents/Dataset/Testing/Point2.html
0,1,576,0,1,0,2,/Users/mdjavedulferdous/Documents/Dataset/Testing/Point2.html
0,1,576,0,1,0,2,/Users/mdjavedulferdous/Documents/Dataset/Testing/Point2.html
0,0,577,0,1,0,0,/Users/mdjavedulferdous/Documents/Dataset/Testing/Point2.html
0,1,576,0,1,0,2,/Users/mdjavedulferdous/Documents/Dataset/Testing/Point2.html
0,10,574,0,24,0,2,/Users/mdjavedulferdous/Documents/Dataset/Testing/Point2.html
0,6,575,0,1,0,2,/Users/mdjavedulferdous/Documents/Dataset/Testing/Point2.html
0,6,575,0,1,0,2,/Users/mdjavedulferdous/Documents/Dataset/Testing/Point2.html
0,6,575,0,1,0,2,/Users/mdjavedulferdous/Documents/Dataset/Testing/Point2.html
0,6,575,0,1,0,2,/Users/mdjavedulferdous/Documents/Dataset/Testing/Point2.html
0,2,576,0,1,0,2,/Users/mdjavedulferdous/Documents/Dataset/Testing/Point2.html
0,4,574,0,0,0,2,/Users/mdjavedulferdous/Documents/Dataset/Testing/Point2.html
0,1,576,0,6,0,2,/Users/mdjavedulferdous/Documents/Dataset/Testing/Point2.html
0,1,576,0,23,0,2,/Users/mdjavedulferdous/Documents/Dataset/Testing/Point2.html
0,1,576,0,23,0,2,/Users/mdjavedulferdous/Documents/Dataset/Testing/Point2.html
0,0,577,0,23,0,0,/Users/mdjavedulferdous/Documents/Dataset/Testing/Point2.html
0,0,577,0,6,0,0,/Users/mdjavedulferdous/Documents/Dataset/Testing/Point2.html
0,0,577,0,6,0,0,/Users/mdjavedulferdous/Documents/Dataset/Testing/Point2.html
0,2,575,0,0,0,2,/Users/mdjavedulferdous/Documents/Dataset/Testing/Point2.html
0,0,577,0,0,0,0,/Users/mdjavedulferdous/Documents/Dataset/Testing/Point2.html
0,1,576,0,1,0,2,/Users/mdjavedulferdous/Documents/Dataset/Testing/Point2.html
0,1,576,0,1,0,2,/Users/mdjavedulferdous/Documents/Dataset/Testing/Point2.html
0,0,577,0,1,0,0,/Users/mdjavedulferdous/Documents/Dataset/Testing/Point2.html
0,1,576,0,1,0,2,/Users/mdjavedulferdous/Documents/Dataset/Testing/Point2.html
0,10,574,0,90,0,2,/Users/mdjavedulferdous/Documents/Dataset/Testing/Point2.html
0,6,575,0,1,0,2,/Users/mdjavedulferdous/Documents/Dataset/Testing/Point2.html
0,6,575,0,1,0,2,/Users/mdjavedulferdous/Documents/Dataset/Testing/Point2.html
0,6,575,0,1,0,2,/Users/mdjavedulferdous/Documents/Dataset/Testing/Point2.html
0,6,575,0,1,0,2,/Users/mdjavedulferdous/Documents/Dataset/Testing/Point2.html
0,2,576,0,1,0,2,/Users/mdjavedulferdous/Documents/Dataset/Testing/Point2.html
0,4,574,0,90,0,2,/Users/mdjavedulferdous/Documents/Dataset/Testing/Point2.html
0,1,576,0,0,0,2,/Users/mdjavedulferdous/Documents/Dataset/Testing/Point2.html
0,1,576,0,23,0,2,/Users/mdjavedulferdous/Documents/Dataset/Testing/Point2.html
0,1,576,0,23,0,2,/Users/mdjavedulferdous/Documents/Dataset/Testing/Point2.html
0,0,577,0,23,0,0,/Users/mdjavedulferdous/Documents/Dataset/Testing/Point2.html
0,0,577,0,0,0,0,/Users/mdjavedulferdous/Documents/Dataset/Testing/Point2.html
0,0,577,0,0,0,0,/Users/mdjavedulferdous/Documents/Dataset/Testing/Point2.html
0,2,575,0,90,0,2,/Users/mdjavedulferdous/Documents/Dataset/Testing/Point2.html
0,0,577,0,90,0,0,/Users/mdjavedulferdous/Documents/Dataset/Testing/Point2.html
0,1,576,0,1,0,2,/Users/mdjavedulferdous/Documents/Dataset/Testing/Point2.html
0,1,576,0,1,0,2,/Users/mdjavedulferdous/Documents/Dataset/Testing/Point2.html
0,0,577,0,1,0,0,/Users/mdjavedulferdous/Documents/Dataset/Testing/Point2.html
0,1,576,0,1,0,2,/Users/mdjavedulferdous/Documents/Dataset/Testing/Point2.html
0,10,574,0,24,0,2,/Users/mdjavedulferdous/Documents/Dataset/Testing/Point2.html
0,6,575,0,1,0,2,/Users/mdjavedulferdous/Documents/Dataset/Testing/Point2.html
0,6,575,0,1,0,2,/Users/mdjavedulferdous/Documents/Dataset/Testing/Point2.html
0,6,575,0,1,0,2,/Users/mdjavedulferdous/Documents/Dataset/Testing/Point2.html
0,6,575,0,1,0,2,/Users/mdjavedulferdous/Documents/Dataset/Testing/Point2.html
0,2,576,0,1,0,2,/Users/mdjavedulferdous/Documents/Dataset/Testing/Point2.html
0,4,574,0,90,0,2,/Users/mdjavedulferdous/Documents/Dataset/Testing/Point2.html
0,1,576,0,85,0,2,/Users/mdjavedulferdous/Documents/Dataset/Testing/Point2.html
0,1,576,0,23,0,2,/Users/mdjavedulferdous/Documents/Dataset/Testing/Point2.html
0,1,576,0,23,0,2,/Users/mdjavedulferdous/Documents/Dataset/Testing/Point2.html
0,0,577,0,23,0,0,/Users/mdjavedulferdous/Documents/Dataset/Testing/Point2.html
0,0,577,0,85,0,0,/Users/mdjavedulferdous/Documents/Dataset/Testing/Point2.html
0,0,577,0,85,0,0,/Users/mdjavedulferdous/Documents/Dataset/Testing/Point2.html
0,2,575,0,90,0,2,/Users/mdjavedulferdous/Documents/Dataset/Testing/Point2.html
0,0,577,0,90,0,0,/Users/mdjavedulferdous/Documents/Dataset/Testing/Point2.html
0,1,576,0,1,0,2,/Users/mdjavedulferdous/Documents/Dataset/Testing/Point2.html
0,1,576,0,1,0,2,/Users/mdjavedulferdous/Documents/Dataset/Testing/Point2.html
0,0,577,0,1,0,0,/Users/mdjavedulferdous/Documents/Dataset/Testing/Point2.html
0,1,576,0,1,0,2,/Users/mdjavedulferdous/Documents/Dataset/Testing/Point2.html
0,10,574,0,25,0,2,/Users/mdjavedulferdous/Documents/Dataset/Testing/Point2.html
0,6,575,0,1,0,2,/Users/mdjavedulferdous/Documents/Dataset/Testing/Point2.html
0,6,575,0,1,0,2,/Users/mdjavedulferdous/Documents/Dataset/Testing/Point2.html
0,6,575,0,1,0,2,/Users/mdjavedulferdous/Documents/Dataset/Testing/Point2.html
0,6,575,0,1,0,2,/Users/mdjavedulferdous/Documents/Dataset/Testing/Point2.html
0,2,576,0,1,0,2,/Users/mdjavedulferdous/Documents/Dataset/Testing/Point2.html
0,4,574,0,50,0,2,/Users/mdjavedulferdous/Documents/Dataset/Testing/Point2.html
0,1,576,0,0,0,2,/Users/mdjavedulferdous/Documents/Dataset/Testing/Point2.html
0,1,576,0,23,0,2,/Users/mdjavedulferdous/Documents/Dataset/Testing/Point2.html
0,1,576,0,23,0,2,/Users/mdjavedulferdous/Documents/Dataset/Testing/Point2.html
0,0,577,0,23,0,0,/Users/mdjavedulferdous/Documents/Dataset/Testing/Point2.html
0,0,577,0,0,0,0,/Users/mdjavedulferdous/Documents/Dataset/Testing/Point2.html
0,0,577,0,0,0,0,/Users/mdjavedulferdous/Documents/Dataset/Testing/Point2.html
0,2,575,0,50,0,2,/Users/mdjavedulferdous/Documents/Dataset/Testing/Point2.html
0,0,577,0,50,0,0,/Users/mdjavedulferdous/Documents/Dataset/Testing/Point2.html
0,1,576,0,1,0,2,/Users/mdjavedulferdous/Documents/Dataset/Testing/Point2.html
0,1,576,0,1,0,2,/Users/mdjavedulferdous/Documents/Dataset/Testing/Point2.html
0,0,577,0,1,0,0,/Users/mdjavedulferdous/Documents/Dataset/Testing/Point2.html
0,1,576,0,1,0,2,/Users/mdjavedulferdous/Documents/Dataset/Testing/Point2.html
0,10,574,0,0,0,2,/Users/mdjavedulferdous/Documents/Dataset/Testing/Point2.html
0,6,575,0,1,0,2,/Users/mdjavedulferdous/Documents/Dataset/Testing/Point2.html
0,6,575,0,1,0,2,/Users/mdjavedulferdous/Documents/Dataset/Testing/Point2.html
0,6,575,0,1,0,2,/Users/mdjavedulferdous/Documents/Dataset/Testing/Point2.html
0,6,575,0,1,0,2,/Users/mdjavedulferdous/Documents/Dataset/Testing/Point2.html
0,2,576,0,1,0,2,/Users/mdjavedulferdous/Documents/Dataset/Testing/Point2.html
0,4,574,0,0,0,2,/Users/mdjavedulferdous/Documents/Dataset/Testing/Point2.html
0,1,576,0,29,0,2,/Users/mdjavedulferdous/Documents/Dataset/Testing/Point2.html
0,1,576,0,23,0,2,/Users/mdjavedulferdous/Documents/Dataset/Testing/Point2.html
0,1,576,0,23,0,2,/Users/mdjavedulferdous/Documents/Dataset/Testing/Point2.html
0,0,577,0,23,0,0,/Users/mdjavedulferdous/Documents/Dataset/Testing/Point2.html
0,0,577,0,29,0,0,/Users/mdjavedulferdous/Documents/Dataset/Testing/Point2.html
0,0,577,0,29,0,0,/Users/mdjavedulferdous/Documents/Dataset/Testing/Point2.html
0,2,575,0,0,0,2,/Users/mdjavedulferdous/Documents/Dataset/Testing/Point2.html
0,0,577,0,0,0,0,/Users/mdjavedulferdous/Documents/Dataset/Testing/Point2.html
0,1,576,0,1,0,2,/Users/mdjavedulferdous/Documents/Dataset/Testing/Point2.html
0,1,576,0,1,0,2,/Users/mdjavedulferdous/Documents/Dataset/Testing/Point2.html
0,0,577,0,1,0,0,/Users/mdjavedulferdous/Documents/Dataset/Testing/Point2.html
0,1,576,0,1,0,2,/Users/mdjavedulferdous/Documents/Dataset/Testing/Point2.html
0,10,574,0,22,0,2,/Users/mdjavedulferdous/Documents/Dataset/Testing/Point2.html
0,6,575,0,1,0,2,/Users/mdjavedulferdous/Documents/Dataset/Testing/Point2.html
0,6,575,0,1,0,2,/Users/mdjavedulferdous/Documents/Dataset/Testing/Point2.html
0,6,575,0,1,0,2,/Users/mdjavedulferdous/Documents/Dataset/Testing/Point2.html
0,6,575,0,1,0,2,/Users/mdjavedulferdous/Documents/Dataset/Testing/Point2.html
0,2,576,0,1,0,2,/Users/mdjavedulferdous/Documents/Dataset/Testing/Point2.html
0,4,574,0,0,0,2,/Users/mdjavedulferdous/Documents/Dataset/Testing/Point2.html
0,1,576,0,18,0,2,/Users/mdjavedulferdous/Documents/Dataset/Testing/Point2.html
0,1,576,0,23,0,2,/Users/mdjavedulferdous/Documents/Dataset/Testing/Point2.html
0,1,576,0,23,0,2,/Users/mdjavedulferdous/Documents/Dataset/Testing/Point2.html
0,0,577,0,23,0,0,/Users/mdjavedulferdous/Documents/Dataset/Testing/Point2.html
0,0,577,0,18,0,0,/Users/mdjavedulferdous/Documents/Dataset/Testing/Point2.html
0,0,577,0,18,0,0,/Users/mdjavedulferdous/Documents/Dataset/Testing/Point2.html
0,2,575,0,0,0,2,/Users/mdjavedulferdous/Documents/Dataset/Testing/Point2.html
0,0,577,0,0,0,0,/Users/mdjavedulferdous/Documents/Dataset/Testing/Point2.html
0,1,576,0,1,0,2,/Users/mdjavedulferdous/Documents/Dataset/Testing/Point2.html
0,1,576,0,1,0,2,/Users/mdjavedulferdous/Documents/Dataset/Testing/Point2.html
0,0,577,0,1,0,0,/Users/mdjavedulferdous/Documents/Dataset/Testing/Point2.html
0,1,576,0,1,0,2,/Users/mdjavedulferdous/Documents/Dataset/Testing/Point2.html
0,10,574,0,24,0,2,/Users/mdjavedulferdous/Documents/Dataset/Testing/Point2.html
0,6,575,0,1,0,2,/Users/mdjavedulferdous/Documents/Dataset/Testing/Point2.html
0,6,575,0,1,0,2,/Users/mdjavedulferdous/Documents/Dataset/Testing/Point2.html
0,6,575,0,1,0,2,/Users/mdjavedulferdous/Documents/Dataset/Testing/Point2.html
0,6,575,0,1,0,2,/Users/mdjavedulferdous/Documents/Dataset/Testing/Point2.html
0,2,576,0,1,0,2,/Users/mdjavedulferdous/Documents/Dataset/Testing/Point2.html
0,4,574,0,0,0,2,/Users/mdjavedulferdous/Documents/Dataset/Testing/Point2.html
0,1,576,0,12,0,2,/Users/mdjavedulferdous/Documents/Dataset/Testing/Point2.html
0,1,576,0,23,0,2,/Users/mdjavedulferdous/Documents/Dataset/Testing/Point2.html
0,1,576,0,23,0,2,/Users/mdjavedulferdous/Documents/Dataset/Testing/Point2.html
0,0,577,0,23,0,0,/Users/mdjavedulferdous/Documents/Dataset/Testing/Point2.html
0,0,577,0,12,0,0,/Users/mdjavedulferdous/Documents/Dataset/Testing/Point2.html
0,0,577,0,12,0,0,/Users/mdjavedulferdous/Documents/Dataset/Testing/Point2.html
0,2,575,0,0,0,2,/Users/mdjavedulferdous/Documents/Dataset/Testing/Point2.html
0,0,577,0,0,0,0,/Users/mdjavedulferdous/Documents/Dataset/Testing/Point2.html
0,1,576,0,1,0,2,/Users/mdjavedulferdous/Documents/Dataset/Testing/Point2.html
0,1,576,0,1,0,2,/Users/mdjavedulferdous/Documents/Dataset/Testing/Point2.html
0,0,577,0,1,0,0,/Users/mdjavedulferdous/Documents/Dataset/Testing/Point2.html
0,1,576,0,1,0,2,/Users/mdjavedulferdous/Documents/Dataset/Testing/Point2.html
0,0,577,0,1,0,0,/Users/mdjavedulferdous/Documents/Dataset/Testing/Point2.html
0,0,577,0,10,0,0,/Users/mdjavedulferdous/Documents/Dataset/Testing/Point2.html
0,5,573,1,5,4,2,/Users/mdjavedulferdous/Documents/Dataset/Testing/Point2.html
0,5,573,1,5,4,2,/Users/mdjavedulferdous/Documents/Dataset/Testing/Point2.html
0,5,573,1,5,4,2,/Users/mdjavedulferdous/Documents/Dataset/Testing/Point2.html
0,5,573,1,5,4,2,/Users/mdjavedulferdous/Documents/Dataset/Testing/Point2.html
0,0,577,0,43,0,0,/Users/mdjavedulferdous/Documents/Dataset/Testing/Point2.html
0,4,573,0,2,0,2,/Users/mdjavedulferdous/Documents/Dataset/Testing/Point2.html
0,4,573,0,2,0,2,/Users/mdjavedulferdous/Documents/Dataset/Testing/Point2.html
0,0,577,0,1,0,0,/Users/mdjavedulferdous/Documents/Dataset/Testing/Point2.html
0,0,577,0,1,0,0,/Users/mdjavedulferdous/Documents/Dataset/Testing/Point2.html
0,0,577,0,33,0,0,/Users/mdjavedulferdous/Documents/Dataset/Testing/Point2.html
0,0,577,0,33,0,0,/Users/mdjavedulferdous/Documents/Dataset/Testing/Point2.html
0,0,577,0,0,0,0,/Users/mdjavedulferdous/Documents/Dataset/Testing/Point2.html
0,0,577,0,0,0,0,/Users/mdjavedulferdous/Documents/Dataset/Testing/Point2.html
0,0,577,0,0,0,0,/Users/mdjavedulferdous/Documents/Dataset/Testing/Point2.html
0,0,577,0,0,0,0,/Users/mdjavedulferdous/Documents/Dataset/Testing/Point2.html
0,0,577,0,1,0,0,/Users/mdjavedulferdous/Documents/Dataset/Testing/Point2.html
0,0,577,0,39,0,0,/Users/mdjavedulferdous/Documents/Dataset/Testing/Point2.html
0,0,577,0,0,0,0,/Users/mdjavedulferdous/Documents/Dataset/Testing/Point2.html
0,0,577,0,1,0,0,/Users/mdjavedulferdous/Documents/Dataset/Testing/Point2.html
0,0,577,0,18,0,0,/Users/mdjavedulferdous/Documents/Dataset/Testing/Point2.html
0,0,577,0,1,0,0,/Users/mdjavedulferdous/Documents/Dataset/Testing/Point2.html
0,0,577,0,79,0,0,/Users/mdjavedulferdous/Documents/Dataset/Testing/Point2.html
0,0,577,0,1,0,0,/Users/mdjavedulferdous/Documents/Dataset/Testing/Point2.html
0,0,577,0,39,0,0,/Users/mdjavedulferdous/Documents/Dataset/Testing/Point2.html
0,0,577,0,1,0,0,/Users/mdjavedulferdous/Documents/Dataset/Testing/Point2.html
0,0,577,0,2,0,0,/Users/mdjavedulferdous/Documents/Dataset/Testing/Point2.html
0,0,577,0,1,0,0,/Users/mdjavedulferdous/Documents/Dataset/Testing/Point2.html
0,1,576,1,2,0,2,/Users/mdjavedulferdous/Documents/Dataset/Testing/Point2.html
1,31,546,0,23,0,3,/Users/mdjavedulferdous/Documents/Dataset/Testing/Point2.html
0,1,576,0,1,0,2,/Users/mdjavedulferdous/Documents/Dataset/Testing/Point2.html
0,2,575,0,23,0,2,/Users/mdjavedulferdous/Documents/Dataset/Testing/Point2.html
1,20,557,0,1,0,3,/Users/mdjavedulferdous/Documents/Dataset/Testing/Point2.html
0,8,569,0,1,0,2,/Users/mdjavedulferdous/Documents/Dataset/Testing/Point2.html
0,3,574,0,1,0,2,/Users/mdjavedulferdous/Documents/Dataset/Testing/Point2.html
0,2,575,0,1,0,2,/Users/mdjavedulferdous/Documents/Dataset/Testing/Point2.html
0,0,577,0,1,0,0,/Users/mdjavedulferdous/Documents/Dataset/Testing/Point2.html
0,0,577,0,1,0,0,/Users/mdjavedulferdous/Documents/Dataset/Testing/Point2.html
0,2,575,0,1,0,2,/Users/mdjavedulferdous/Documents/Dataset/Testing/Point2.html
0,2,575,0,1,0,2,/Users/mdjavedulferdous/Documents/Dataset/Testing/Point2.html
0,2,575,0,1,0,2,/Users/mdjavedulferdous/Documents/Dataset/Testing/Point2.html
0,2,575,0,1,0,2,/Users/mdjavedulferdous/Documents/Dataset/Testing/Point2.html
0,1,576,0,1,0,2,/Users/mdjavedulferdous/Documents/Dataset/Testing/Point2.html
0,1,576,0,1,0,2,/Users/mdjavedulferdous/Documents/Dataset/Testing/Point2.html
0,1,576,0,1,0,2,/Users/mdjavedulferdous/Documents/Dataset/Testing/Point2.html
0,0,577,0,1,0,0,/Users/mdjavedulferdous/Documents/Dataset/Testing/Point2.html
0,0,577,0,1,0,0,/Users/mdjavedulferdous/Documents/Dataset/Testing/Point2.html
0,0,577,0,1,0,0,/Users/mdjavedulferdous/Documents/Dataset/Testing/Point2.html
0,0,577,0,1,0,0,/Users/mdjavedulferdous/Documents/Dataset/Testing/Point2.html
0,0,577,0,1,0,0,/Users/mdjavedulferdous/Documents/Dataset/Testing/Point2.html
0,0,577,0,1,0,0,/Users/mdjavedulferdous/Documents/Dataset/Testing/Point2.html
0,0,577,0,1,0,0,/Users/mdjavedulferdous/Documents/Dataset/Testing/Point2.html
0,0,577,0,1,0,0,/Users/mdjavedulferdous/Documents/Dataset/Testing/Point2.html
0,12,568,0,50,0,2,/Users/mdjavedulferdous/Documents/Dataset/Testing/Point2.html
0,0,577,0,1,0,0,/Users/mdjavedulferdous/Documents/Dataset/Testing/Point2.html
0,8,572,0,50,0,2,/Users/mdjavedulferdous/Documents/Dataset/Testing/Point2.html
0,1,576,0,82,0,2,/Users/mdjavedulferdous/Documents/Dataset/Testing/Point2.html
0,0,577,0,82,0,0,/Users/mdjavedulferdous/Documents/Dataset/Testing/Point2.html
0,0,577,0,20,0,0,/Users/mdjavedulferdous/Documents/Dataset/Testing/Point2.html
0,0,577,0,20,0,0,/Users/mdjavedulferdous/Documents/Dataset/Testing/Point2.html
0,1,576,0,1,0,2,/Users/mdjavedulferdous/Documents/Dataset/Testing/Point2.html
0,0,577,0,1,0,0,/Users/mdjavedulferdous/Documents/Dataset/Testing/Point2.html
0,0,577,0,6,0,0,/Users/mdjavedulferdous/Documents/Dataset/Testing/Point2.html
0,0,577,0,6,0,0,/Users/mdjavedulferdous/Documents/Dataset/Testing/Point2.html
0,1,576,0,1,0,2,/Users/mdjavedulferdous/Documents/Dataset/Testing/Point2.html
0,0,577,0,1,0,0,/Users/mdjavedulferdous/Documents/Dataset/Testing/Point2.html
0,0,577,0,50,0,0,/Users/mdjavedulferdous/Documents/Dataset/Testing/Point2.html
0,0,577,0,50,0,0,/Users/mdjavedulferdous/Documents/Dataset/Testing/Point2.html
0,1,576,0,1,0,2,/Users/mdjavedulferdous/Documents/Dataset/Testing/Point2.html
0,0,577,0,1,0,0,/Users/mdjavedulferdous/Documents/Dataset/Testing/Point2.html
0,0,577,0,1,0,0,/Users/mdjavedulferdous/Documents/Dataset/Testing/Point2.html
0,0,577,0,1,0,0,/Users/mdjavedulferdous/Documents/Dataset/Testing/Point2.html
0,6,573,0,1,0,2,/Users/mdjavedulferdous/Documents/Dataset/Testing/Point2.html
0,6,573,0,1,0,2,/Users/mdjavedulferdous/Documents/Dataset/Testing/Point2.html
0,2,576,0,1,0,2,/Users/mdjavedulferdous/Documents/Dataset/Testing/Point2.html
0,4,573,0,1,0,2,/Users/mdjavedulferdous/Documents/Dataset/Testing/Point2.html
0,11,566,0,2,0,2,/Users/mdjavedulferdous/Documents/Dataset/Testing/Point2.html
0,11,566,0,2,0,2,/Users/mdjavedulferdous/Documents/Dataset/Testing/Point2.html
0,11,566,0,2,0,2,/Users/mdjavedulferdous/Documents/Dataset/Testing/Point2.html
0,11,566,0,2,0,2,/Users/mdjavedulferdous/Documents/Dataset/Testing/Point2.html
0,5,572,0,2,0,2,/Users/mdjavedulferdous/Documents/Dataset/Testing/Point2.html
0,4,573,0,2,0,2,/Users/mdjavedulferdous/Documents/Dataset/Testing/Point2.html
0,1,576,0,2,0,2,/Users/mdjavedulferdous/Documents/Dataset/Testing/Point2.html
0,6,571,0,2,0,2,/Users/mdjavedulferdous/Documents/Dataset/Testing/Point2.html
0,5,572,0,1,0,2,/Users/mdjavedulferdous/Documents/Dataset/Testing/Point2.html
0,1,576,0,2,0,2,/Users/mdjavedulferdous/Documents/Dataset/Testing/Point2.html
0,0,577,0,2,0,0,/Users/mdjavedulferdous/Documents/Dataset/Testing/Point2.html
0,0,577,0,2,0,0,/Users/mdjavedulferdous/Documents/Dataset/Testing/Point2.html
0,0,577,0,2,0,0,/Users/mdjavedulferdous/Documents/Dataset/Testing/Point2.html
0,0,577,0,2,0,0,/Users/mdjavedulferdous/Documents/Dataset/Testing/Point2.html
0,0,577,0,1,0,0,/Users/mdjavedulferdous/Documents/Dataset/Testing/Point2.html
0,0,577,1,0,0,0,/Users/mdjavedulferdous/Documents/Dataset/Testing/Point2.html
0,1,576,0,2,0,2,/Users/mdjavedulferdous/Documents/Dataset/Testing/Point2.html
0,1,576,0,2,0,2,/Users/mdjavedulferdous/Documents/Dataset/Testing/Point2.html
0,1,576,0,1,0,2,/Users/mdjavedulferdous/Documents/Dataset/Testing/Point2.html
0,0,577,0,1,0,0,/Users/mdjavedulferdous/Documents/Dataset/Testing/Point2.html
0,0,577,0,1,0,0,/Users/mdjavedulferdous/Documents/Dataset/Testing/Point2.html
0,0,577,0,1,0,0,/Users/mdjavedulferdous/Documents/Dataset/Testing/Point2.html
0,0,577,0,1,0,0,/Users/mdjavedulferdous/Documents/Dataset/Testing/Point2.html
0,135,488,0,1,0,2,/Users/mdjavedulferdous/Documents/Dataset/Testing/Point2.html
0,0,577,0,1,0,0,/Users/mdjavedulferdous/Documents/Dataset/Testing/Point2.html
0,0,577,0,1,0,0,/Users/mdjavedulferdous/Documents/Dataset/Testing/Point2.html
0,0,577,0,1,0,0,/Users/mdjavedulferdous/Documents/Dataset/Testing/Point2.html
4,13,573,0,3,0,3,/Users/mdjavedulferdous/Documents/Dataset/Testing/Point2.html
0,0,577,0,1,0,0,/Users/mdjavedulferdous/Documents/Dataset/Testing/Point2.html
4,13,573,0,3,0,3,/Users/mdjavedulferdous/Documents/Dataset/Testing/Point2.html
1,0,577,0,1,0,1,/Users/mdjavedulferdous/Documents/Dataset/Testing/Point2.html
0,0,577,0,1,0,0,/Users/mdjavedulferdous/Documents/Dataset/Testing/Point2.html
0,0,577,0,1,0,0,/Users/mdjavedulferdous/Documents/Dataset/Testing/Point2.html
1,0,577,0,1,0,1,/Users/mdjavedulferdous/Documents/Dataset/Testing/Point2.html
1,0,577,0,1,0,1,/Users/mdjavedulferdous/Documents/Dataset/Testing/Point2.html
1,12,574,0,3,0,3,/Users/mdjavedulferdous/Documents/Dataset/Testing/Point2.html
0,5,575,0,1,0,2,/Users/mdjavedulferdous/Documents/Dataset/Testing/Point2.html
0,5,575,0,1,0,2,/Users/mdjavedulferdous/Documents/Dataset/Testing/Point2.html
0,5,575,0,1,0,2,/Users/mdjavedulferdous/Documents/Dataset/Testing/Point2.html
0,0,577,0,1,0,0,/Users/mdjavedulferdous/Documents/Dataset/Testing/Point2.html
0,0,577,0,1,0,0,/Users/mdjavedulferdous/Documents/Dataset/Testing/Point2.html
0,1,576,0,1,0,2,/Users/mdjavedulferdous/Documents/Dataset/Testing/Point2.html
0,0,577,0,1,0,0,/Users/mdjavedulferdous/Documents/Dataset/Testing/Point2.html
0,0,577,0,1,0,0,/Users/mdjavedulferdous/Documents/Dataset/Testing/Point2.html
0,1,576,0,1,0,2,/Users/mdjavedulferdous/Documents/Dataset/Testing/Point2.html
0,0,577,0,1,0,0,/Users/mdjavedulferdous/Documents/Dataset/Testing/Point2.html
0,0,577,0,1,0,0,/Users/mdjavedulferdous/Documents/Dataset/Testing/Point2.html
0,0,577,0,1,0,0,/Users/mdjavedulferdous/Documents/Dataset/Testing/Point2.html
0,0,577,0,1,0,0,/Users/mdjavedulferdous/Documents/Dataset/Testing/Point2.html
0,1,576,0,1,0,2,/Users/mdjavedulferdous/Documents/Dataset/Testing/Point2.html
0,0,577,0,1,0,0,/Users/mdjavedulferdous/Documents/Dataset/Testing/Point2.html
0,0,577,0,1,0,0,/Users/mdjavedulferdous/Documents/Dataset/Testing/Point2.html
0,1,576,0,1,0,2,/Users/mdjavedulferdous/Documents/Dataset/Testing/Point2.html
0,0,577,0,1,0,0,/Users/mdjavedulferdous/Documents/Dataset/Testing/Point2.html
0,0,577,0,1,0,0,/Users/mdjavedulferdous/Documents/Dataset/Testing/Point2.html
0,0,577,0,1,0,0,/Users/mdjavedulferdous/Documents/Dataset/Testing/Point2.html
0,0,577,0,1,0,0,/Users/mdjavedulferdous/Documents/Dataset/Testing/Point2.html
0,1,576,0,1,0,2,/Users/mdjavedulferdous/Documents/Dataset/Testing/Point2.html
0,0,577,0,1,0,0,/Users/mdjavedulferdous/Documents/Dataset/Testing/Point2.html
0,0,577,0,1,0,0,/Users/mdjavedulferdous/Documents/Dataset/Testing/Point2.html
0,1,576,0,1,0,2,/Users/mdjavedulferdous/Documents/Dataset/Testing/Point2.html
0,0,577,0,1,0,0,/Users/mdjavedulferdous/Documents/Dataset/Testing/Point2.html
0,0,577,0,1,0,0,/Users/mdjavedulferdous/Documents/Dataset/Testing/Point2.html
0,0,577,0,1,0,0,/Users/mdjavedulferdous/Documents/Dataset/Testing/Point2.html
0,0,577,0,1,0,0,/Users/mdjavedulferdous/Documents/Dataset/Testing/Point2.html
0,1,576,0,1,0,2,/Users/mdjavedulferdous/Documents/Dataset/Testing/Point2.html
0,0,577,0,1,0,0,/Users/mdjavedulferdous/Documents/Dataset/Testing/Point2.html
0,0,577,0,1,0,0,/Users/mdjavedulferdous/Documents/Dataset/Testing/Point2.html
0,1,576,0,1,0,2,/Users/mdjavedulferdous/Documents/Dataset/Testing/Point2.html
0,0,577,0,1,0,0,/Users/mdjavedulferdous/Documents/Dataset/Testing/Point2.html
0,0,577,0,1,0,0,/Users/mdjavedulferdous/Documents/Dataset/Testing/Point2.html
0,0,577,0,1,0,0,/Users/mdjavedulferdous/Documents/Dataset/Testing/Point2.html
0,0,577,0,1,0,0,/Users/mdjavedulferdous/Documents/Dataset/Testing/Point2.html
0,0,577,0,1,0,0,/Users/mdjavedulferdous/Documents/Dataset/Testing/Point2.html
0,1,576,0,1,0,2,/Users/mdjavedulferdous/Documents/Dataset/Testing/Point2.html
0,6,575,0,3,0,2,/Users/mdjavedulferdous/Documents/Dataset/Testing/Point2.html
0,1,576,0,1,0,2,/Users/mdjavedulferdous/Documents/Dataset/Testing/Point2.html
0,0,577,0,1,0,0,/Users/mdjavedulferdous/Documents/Dataset/Testing/Point2.html
0,1,576,0,1,0,2,/Users/mdjavedulferdous/Documents/Dataset/Testing/Point2.html
0,0,577,0,1,0,0,/Users/mdjavedulferdous/Documents/Dataset/Testing/Point2.html
0,1,576,0,1,0,2,/Users/mdjavedulferdous/Documents/Dataset/Testing/Point2.html
0,4,575,0,3,0,2,/Users/mdjavedulferdous/Documents/Dataset/Testing/Point2.html
0,4,575,0,3,0,2,/Users/mdjavedulferdous/Documents/Dataset/Testing/Point2.html
0,0,577,0,1,0,0,/Users/mdjavedulferdous/Documents/Dataset/Testing/Point2.html
0,0,577,0,1,0,0,/Users/mdjavedulferdous/Documents/Dataset/Testing/Point2.html
0,0,577,0,1,0,0,/Users/mdjavedulferdous/Documents/Dataset/Testing/Point2.html
0,0,577,0,1,0,0,/Users/mdjavedulferdous/Documents/Dataset/Testing/Point2.html
0,0,577,0,1,0,0,/Users/mdjavedulferdous/Documents/Dataset/Testing/Point2.html
0,0,577,0,1,0,0,/Users/mdjavedulferdous/Documents/Dataset/Testing/Point2.html
0,0,577,0,1,0,0,/Users/mdjavedulferdous/Documents/Dataset/Testing/Point2.html
0,0,577,0,33,0,0,/Users/mdjavedulferdous/Documents/Dataset/Testing/Point2.html
0,0,577,0,1,0,0,/Users/mdjavedulferdous/Documents/Dataset/Testing/Point2.html
0,0,577,0,33,0,0,/Users/mdjavedulferdous/Documents/Dataset/Testing/Point2.html
0,1,576,0,1,0,2,/Users/mdjavedulferdous/Documents/Dataset/Testing/Point2.html
0,1,576,0,1,0,2,/Users/mdjavedulferdous/Documents/Dataset/Testing/Point2.html
0,0,577,0,1,0,0,/Users/mdjavedulferdous/Documents/Dataset/Testing/Point2.html
0,0,577,0,1,0,0,/Users/mdjavedulferdous/Documents/Dataset/Testing/Point2.html
0,0,577,0,1,0,0,/Users/mdjavedulferdous/Documents/Dataset/Testing/Point2.html
0,0,577,0,1,0,0,/Users/mdjavedulferdous/Documents/Dataset/Testing/Point2.html
0,0,577,0,1,0,0,/Users/mdjavedulferdous/Documents/Dataset/Testing/Point2.html
0,0,577,0,1,0,0,/Users/mdjavedulferdous/Documents/Dataset/Testing/Point2.html
0,0,577,0,3,0,0,/Users/mdjavedulferdous/Documents/Dataset/Testing/Point2.html
0,0,577,0,1,0,0,/Users/mdjavedulferdous/Documents/Dataset/Testing/Point2.html
0,0,577,0,3,0,0,/Users/mdjavedulferdous/Documents/Dataset/Testing/Point2.html
0,0,577,0,3,0,0,/Users/mdjavedulferdous/Documents/Dataset/Testing/Point2.html
0,1,576,0,1,0,2,/Users/mdjavedulferdous/Documents/Dataset/Testing/Point2.html
0,1,576,0,1,0,2,/Users/mdjavedulferdous/Documents/Dataset/Testing/Point2.html
0,0,577,0,1,0,0,/Users/mdjavedulferdous/Documents/Dataset/Testing/Point2.html
0,1,576,0,3,0,2,/Users/mdjavedulferdous/Documents/Dataset/Testing/Point2.html
0,0,577,0,3,0,0,/Users/mdjavedulferdous/Documents/Dataset/Testing/Point2.html
0,1,576,0,1,0,2,/Users/mdjavedulferdous/Documents/Dataset/Testing/Point2.html
0,0,577,0,1,0,0,/Users/mdjavedulferdous/Documents/Dataset/Testing/Point2.html
0,0,577,0,1,0,0,/Users/mdjavedulferdous/Documents/Dataset/Testing/Point2.html
0,0,577,0,1,0,0,/Users/mdjavedulferdous/Documents/Dataset/Testing/Point2.html
0,1,576,0,1,0,2,/Users/mdjavedulferdous/Documents/Dataset/Testing/Point2.html
0,1,576,0,1,0,2,/Users/mdjavedulferdous/Documents/Dataset/Testing/Point2.html
0,1,576,0,1,0,2,/Users/mdjavedulferdous/Documents/Dataset/Testing/Point2.html
0,0,577,0,1,0,0,/Users/mdjavedulferdous/Documents/Dataset/Testing/Point2.html
0,0,577,0,1,0,0,/Users/mdjavedulferdous/Documents/Dataset/Testing/Point2.html
0,0,577,0,1,0,0,/Users/mdjavedulferdous/Documents/Dataset/Testing/Point2.html
0,1,576,0,1,0,2,/Users/mdjavedulferdous/Documents/Dataset/Testing/Point2.html
0,0,577,0,1,0,0,/Users/mdjavedulferdous/Documents/Dataset/Testing/Point2.html
0,0,577,0,1,0,0,/Users/mdjavedulferdous/Documents/Dataset/Testing/Point2.html
0,0,577,0,1,0,0,/Users/mdjavedulferdous/Documents/Dataset/Testing/Point2.html
0,0,577,0,1,0,0,/Users/mdjavedulferdous/Documents/Dataset/Testing/Point2.html
0,0,577,0,1,0,0,/Users/mdjavedulferdous/Documents/Dataset/Testing/Point2.html
0,0,577,0,1,0,0,/Users/mdjavedulferdous/Documents/Dataset/Testing/Point2.html
0,0,577,0,1,0,0,/Users/mdjavedulferdous/Documents/Dataset/Testing/Point2.html
0,0,577,0,1,0,0,/Users/mdjavedulferdous/Documents/Dataset/Testing/Point2.html
1,1,576,0,1,0,3,/Users/mdjavedulferdous/Documents/Dataset/Testing/Point2.html
0,1,576,0,1,0,2,/Users/mdjavedulferdous/Documents/Dataset/Testing/Point2.html
0,0,577,0,1,0,0,/Users/mdjavedulferdous/Documents/Dataset/Testing/Point2.html
0,0,577,0,1,0,0,/Users/mdjavedulferdous/Documents/Dataset/Testing/Point2.html
0,0,577,0,1,0,0,/Users/mdjavedulferdous/Documents/Dataset/Testing/Point2.html
2,1,576,0,1,0,3,/Users/mdjavedulferdous/Documents/Dataset/Testing/Point2.html
2,0,577,0,1,0,1,/Users/mdjavedulferdous/Documents/Dataset/Testing/Point2.html
0,1,576,0,1,0,2,/Users/mdjavedulferdous/Documents/Dataset/Testing/Point2.html
0,0,577,0,1,0,0,/Users/mdjavedulferdous/Documents/Dataset/Testing/Point2.html
0,0,577,0,1,0,0,/Users/mdjavedulferdous/Documents/Dataset/Testing/Point2.html
