0,1,checkBoxList,NumberOfLink,NumberOfInput,URL_List,button_List,name_url
4.538169839918282e-09,99.99999999546183,0,161,112,1,1,/Users/mdjavedulferdous/Documents/Dataset/Testing/UrbanOutfitters.html
4.838196510092985e-09,99.9999999951618,0,160,112,1,1,/Users/mdjavedulferdous/Documents/Dataset/Testing/UrbanOutfitters.html
0.009669074508866782,99.99033092549114,0,23,1,1,1,/Users/mdjavedulferdous/Documents/Dataset/Testing/UrbanOutfitters.html
0.030545447870800047,99.9694545521292,0,2,0,1,1,/Users/mdjavedulferdous/Documents/Dataset/Testing/UrbanOutfitters.html
0.030545447870800047,99.9694545521292,0,2,0,1,1,/Users/mdjavedulferdous/Documents/Dataset/Testing/UrbanOutfitters.html
0.030545447870800047,99.9694545521292,0,2,0,1,1,/Users/mdjavedulferdous/Documents/Dataset/Testing/UrbanOutfitters.html
0.030545447870800047,99.9694545521292,0,2,0,1,1,/Users/mdjavedulferdous/Documents/Dataset/Testing/UrbanOutfitters.html
0.032819274708728585,99.96718072529127,0,0,0,1,1,/Users/mdjavedulferdous/Documents/Dataset/Testing/UrbanOutfitters.html
0.032819274708728585,99.96718072529127,0,0,0,1,1,/Users/mdjavedulferdous/Documents/Dataset/Testing/UrbanOutfitters.html
0.08802560657545921,99.91197439342454,0,3,0,1,0,/Users/mdjavedulferdous/Documents/Dataset/Testing/UrbanOutfitters.html
0.08802560657545921,99.91197439342454,0,3,0,1,0,/Users/mdjavedulferdous/Documents/Dataset/Testing/UrbanOutfitters.html
0.031661962257956144,99.96833803774204,0,1,0,1,1,/Users/mdjavedulferdous/Documents/Dataset/Testing/UrbanOutfitters.html
0.031661962257956144,99.96833803774204,0,1,0,1,1,/Users/mdjavedulferdous/Documents/Dataset/Testing/UrbanOutfitters.html
0.09132954348870514,99.90867045651129,0,2,0,1,0,/Users/mdjavedulferdous/Documents/Dataset/Testing/UrbanOutfitters.html
0.032819274708728585,99.96718072529127,0,0,0,1,1,/Users/mdjavedulferdous/Documents/Dataset/Testing/UrbanOutfitters.html
0.030545447870800047,99.9694545521292,0,2,0,1,1,/Users/mdjavedulferdous/Documents/Dataset/Testing/UrbanOutfitters.html
0.09831372928640336,99.9016862707136,0,0,0,1,0,/Users/mdjavedulferdous/Documents/Dataset/Testing/UrbanOutfitters.html
0.013085897405196167,99.98691410259481,0,18,1,1,1,/Users/mdjavedulferdous/Documents/Dataset/Testing/UrbanOutfitters.html
0.013085897405196167,99.98691410259481,0,18,1,1,1,/Users/mdjavedulferdous/Documents/Dataset/Testing/UrbanOutfitters.html
0.031661962257956144,99.96833803774204,0,1,0,1,1,/Users/mdjavedulferdous/Documents/Dataset/Testing/UrbanOutfitters.html
0.031661962257956144,99.96833803774204,0,1,0,1,1,/Users/mdjavedulferdous/Documents/Dataset/Testing/UrbanOutfitters.html
0.031661962257956144,99.96833803774204,0,1,0,1,1,/Users/mdjavedulferdous/Documents/Dataset/Testing/UrbanOutfitters.html
0.07596175214953371,99.92403824785046,0,7,0,1,0,/Users/mdjavedulferdous/Documents/Dataset/Testing/UrbanOutfitters.html
0.07596175214953371,99.92403824785046,0,7,0,1,0,/Users/mdjavedulferdous/Documents/Dataset/Testing/UrbanOutfitters.html
0.07596175214953371,99.92403824785046,0,7,0,1,0,/Users/mdjavedulferdous/Documents/Dataset/Testing/UrbanOutfitters.html
0.09831372928640336,99.9016862707136,0,0,0,1,0,/Users/mdjavedulferdous/Documents/Dataset/Testing/UrbanOutfitters.html
0.09831372928640336,99.9016862707136,0,0,0,1,0,/Users/mdjavedulferdous/Documents/Dataset/Testing/UrbanOutfitters.html
0.02552627251621864,99.97447372748378,0,7,0,1,1,/Users/mdjavedulferdous/Documents/Dataset/Testing/UrbanOutfitters.html
0.031661962257956144,99.96833803774204,0,1,0,1,1,/Users/mdjavedulferdous/Documents/Dataset/Testing/UrbanOutfitters.html
0.031661962257956144,99.96833803774204,0,1,0,1,1,/Users/mdjavedulferdous/Documents/Dataset/Testing/UrbanOutfitters.html
0.031661962257956144,99.96833803774204,0,1,0,1,1,/Users/mdjavedulferdous/Documents/Dataset/Testing/UrbanOutfitters.html
0.031661962257956144,99.96833803774204,0,1,0,1,1,/Users/mdjavedulferdous/Documents/Dataset/Testing/UrbanOutfitters.html
0.031661962257956144,99.96833803774204,0,1,0,1,1,/Users/mdjavedulferdous/Documents/Dataset/Testing/UrbanOutfitters.html
0.031661962257956144,99.96833803774204,0,1,0,1,1,/Users/mdjavedulferdous/Documents/Dataset/Testing/UrbanOutfitters.html
0.031661962257956144,99.96833803774204,0,1,0,1,1,/Users/mdjavedulferdous/Documents/Dataset/Testing/UrbanOutfitters.html
0.032819274708728585,99.96718072529127,0,0,0,1,1,/Users/mdjavedulferdous/Documents/Dataset/Testing/UrbanOutfitters.html
0.032819274708728585,99.96718072529127,0,0,0,1,1,/Users/mdjavedulferdous/Documents/Dataset/Testing/UrbanOutfitters.html
0.032819274708728585,99.96718072529127,0,0,0,1,1,/Users/mdjavedulferdous/Documents/Dataset/Testing/UrbanOutfitters.html
0.032819274708728585,99.96718072529127,0,0,0,1,1,/Users/mdjavedulferdous/Documents/Dataset/Testing/UrbanOutfitters.html
0.021235457592150286,99.97876454240784,0,10,1,1,1,/Users/mdjavedulferdous/Documents/Dataset/Testing/UrbanOutfitters.html
0.0225601798930386,99.97743982010697,0,9,1,1,1,/Users/mdjavedulferdous/Documents/Dataset/Testing/UrbanOutfitters.html
0.032819274708728585,99.96718072529127,0,0,0,1,1,/Users/mdjavedulferdous/Documents/Dataset/Testing/UrbanOutfitters.html
0.024626071263755822,99.97537392873625,0,8,0,1,1,/Users/mdjavedulferdous/Documents/Dataset/Testing/UrbanOutfitters.html
0.027426570552246954,99.97257342944775,0,5,0,1,1,/Users/mdjavedulferdous/Documents/Dataset/Testing/UrbanOutfitters.html
0.032819274708728585,99.96718072529127,0,0,0,1,1,/Users/mdjavedulferdous/Documents/Dataset/Testing/UrbanOutfitters.html
0.027426570552246954,99.97257342944775,0,5,0,1,1,/Users/mdjavedulferdous/Documents/Dataset/Testing/UrbanOutfitters.html
0.029468294180778898,99.97053170581923,0,3,0,1,1,/Users/mdjavedulferdous/Documents/Dataset/Testing/UrbanOutfitters.html
0.031661962257956144,99.96833803774204,0,1,0,1,1,/Users/mdjavedulferdous/Documents/Dataset/Testing/UrbanOutfitters.html
0.032819274708728585,99.96718072529127,0,0,0,1,1,/Users/mdjavedulferdous/Documents/Dataset/Testing/UrbanOutfitters.html
0.031661962257956144,99.96833803774204,0,1,0,1,1,/Users/mdjavedulferdous/Documents/Dataset/Testing/UrbanOutfitters.html
0.032819274708728585,99.96718072529127,0,0,0,1,1,/Users/mdjavedulferdous/Documents/Dataset/Testing/UrbanOutfitters.html
0.031661962257956144,99.96833803774204,0,1,0,1,1,/Users/mdjavedulferdous/Documents/Dataset/Testing/UrbanOutfitters.html
0.032819274708728585,99.96718072529127,0,0,0,1,1,/Users/mdjavedulferdous/Documents/Dataset/Testing/UrbanOutfitters.html
0.09475737215030033,99.9052426278497,0,1,0,1,0,/Users/mdjavedulferdous/Documents/Dataset/Testing/UrbanOutfitters.html
0.031661962257956144,99.96833803774204,0,1,0,1,1,/Users/mdjavedulferdous/Documents/Dataset/Testing/UrbanOutfitters.html
0.032819274708728585,99.96718072529127,0,0,0,1,1,/Users/mdjavedulferdous/Documents/Dataset/Testing/UrbanOutfitters.html
3.0752351776186515e-07,99.99999969247648,0,97,108,1,1,/Users/mdjavedulferdous/Documents/Dataset/Testing/UrbanOutfitters.html
0.032819274708728585,99.96718072529127,0,0,0,1,1,/Users/mdjavedulferdous/Documents/Dataset/Testing/UrbanOutfitters.html
0.032819274708728585,99.96718072529127,0,0,0,1,1,/Users/mdjavedulferdous/Documents/Dataset/Testing/UrbanOutfitters.html
0.032819274708728585,99.96718072529127,0,0,0,1,1,/Users/mdjavedulferdous/Documents/Dataset/Testing/UrbanOutfitters.html
0.032819274708728585,99.96718072529127,0,0,0,1,1,/Users/mdjavedulferdous/Documents/Dataset/Testing/UrbanOutfitters.html
0.032819274708728585,99.96718072529127,0,0,0,1,1,/Users/mdjavedulferdous/Documents/Dataset/Testing/UrbanOutfitters.html
0.032819274708728585,99.96718072529127,0,0,0,1,1,/Users/mdjavedulferdous/Documents/Dataset/Testing/UrbanOutfitters.html
0.032819274708728585,99.96718072529127,0,0,0,1,1,/Users/mdjavedulferdous/Documents/Dataset/Testing/UrbanOutfitters.html
0.032819274708728585,99.96718072529127,0,0,0,1,1,/Users/mdjavedulferdous/Documents/Dataset/Testing/UrbanOutfitters.html
3.0752351776186515e-07,99.99999969247648,0,97,108,1,1,/Users/mdjavedulferdous/Documents/Dataset/Testing/UrbanOutfitters.html
0.032819274708728585,99.96718072529127,0,0,0,1,1,/Users/mdjavedulferdous/Documents/Dataset/Testing/UrbanOutfitters.html
0.032819274708728585,99.96718072529127,0,0,0,1,1,/Users/mdjavedulferdous/Documents/Dataset/Testing/UrbanOutfitters.html
3.0752351776186515e-07,99.99999969247648,0,97,108,1,1,/Users/mdjavedulferdous/Documents/Dataset/Testing/UrbanOutfitters.html
3.269618575885147e-07,99.99999967303815,0,96,108,1,1,/Users/mdjavedulferdous/Documents/Dataset/Testing/UrbanOutfitters.html
0.028429114401762323,99.97157088559824,0,4,0,1,1,/Users/mdjavedulferdous/Documents/Dataset/Testing/UrbanOutfitters.html
0.028429114401762323,99.97157088559824,0,4,0,1,1,/Users/mdjavedulferdous/Documents/Dataset/Testing/UrbanOutfitters.html
0.028429114401762323,99.97157088559824,0,4,0,1,1,/Users/mdjavedulferdous/Documents/Dataset/Testing/UrbanOutfitters.html
0.032819274708728585,99.96718072529127,0,0,0,1,1,/Users/mdjavedulferdous/Documents/Dataset/Testing/UrbanOutfitters.html
0.032819274708728585,99.96718072529127,0,0,0,1,1,/Users/mdjavedulferdous/Documents/Dataset/Testing/UrbanOutfitters.html
0.032819274708728585,99.96718072529127,0,0,0,1,1,/Users/mdjavedulferdous/Documents/Dataset/Testing/UrbanOutfitters.html
0.028429114401762323,99.97157088559824,0,4,0,1,1,/Users/mdjavedulferdous/Documents/Dataset/Testing/UrbanOutfitters.html
0.028429114401762323,99.97157088559824,0,4,0,1,1,/Users/mdjavedulferdous/Documents/Dataset/Testing/UrbanOutfitters.html
0.031661962257956144,99.96833803774204,0,1,0,1,1,/Users/mdjavedulferdous/Documents/Dataset/Testing/UrbanOutfitters.html
0.031661962257956144,99.96833803774204,0,1,0,1,1,/Users/mdjavedulferdous/Documents/Dataset/Testing/UrbanOutfitters.html
0.031661962257956144,99.96833803774204,0,1,0,1,1,/Users/mdjavedulferdous/Documents/Dataset/Testing/UrbanOutfitters.html
0.031661962257956144,99.96833803774204,0,1,0,1,1,/Users/mdjavedulferdous/Documents/Dataset/Testing/UrbanOutfitters.html
0.031661962257956144,99.96833803774204,0,1,0,1,1,/Users/mdjavedulferdous/Documents/Dataset/Testing/UrbanOutfitters.html
0.031661962257956144,99.96833803774204,0,1,0,1,1,/Users/mdjavedulferdous/Documents/Dataset/Testing/UrbanOutfitters.html
0.031661962257956144,99.96833803774204,0,1,0,1,1,/Users/mdjavedulferdous/Documents/Dataset/Testing/UrbanOutfitters.html
0.031661962257956144,99.96833803774204,0,1,0,1,1,/Users/mdjavedulferdous/Documents/Dataset/Testing/UrbanOutfitters.html
0.032819274708728585,99.96718072529127,0,0,0,1,1,/Users/mdjavedulferdous/Documents/Dataset/Testing/UrbanOutfitters.html
0.032819274708728585,99.96718072529127,0,0,0,1,1,/Users/mdjavedulferdous/Documents/Dataset/Testing/UrbanOutfitters.html
4.1780350290565593e-07,99.9999995821965,0,92,108,1,1,/Users/mdjavedulferdous/Documents/Dataset/Testing/UrbanOutfitters.html
0.032819274708728585,99.96718072529127,0,0,0,1,1,/Users/mdjavedulferdous/Documents/Dataset/Testing/UrbanOutfitters.html
0.010179982652902542,99.9898200173471,0,16,8,1,1,/Users/mdjavedulferdous/Documents/Dataset/Testing/UrbanOutfitters.html
0.010179982652902542,99.9898200173471,0,16,8,1,1,/Users/mdjavedulferdous/Documents/Dataset/Testing/UrbanOutfitters.html
0.015576068722333858,99.98442393127766,0,16,0,1,1,/Users/mdjavedulferdous/Documents/Dataset/Testing/UrbanOutfitters.html
0.09831372928640336,99.9016862707136,0,0,0,1,0,/Users/mdjavedulferdous/Documents/Dataset/Testing/UrbanOutfitters.html
0.06257125339258485,99.93742874660741,0,16,0,1,0,/Users/mdjavedulferdous/Documents/Dataset/Testing/UrbanOutfitters.html
0.06257125339258485,99.93742874660741,0,16,0,1,0,/Users/mdjavedulferdous/Documents/Dataset/Testing/UrbanOutfitters.html
0.09475737215030033,99.9052426278497,0,1,0,1,0,/Users/mdjavedulferdous/Documents/Dataset/Testing/UrbanOutfitters.html
0.031661962257956144,99.96833803774204,0,1,0,1,1,/Users/mdjavedulferdous/Documents/Dataset/Testing/UrbanOutfitters.html
0.031661962257956144,99.96833803774204,0,1,0,1,1,/Users/mdjavedulferdous/Documents/Dataset/Testing/UrbanOutfitters.html
0.031661962257956144,99.96833803774204,0,1,0,1,1,/Users/mdjavedulferdous/Documents/Dataset/Testing/UrbanOutfitters.html
0.031661962257956144,99.96833803774204,0,1,0,1,1,/Users/mdjavedulferdous/Documents/Dataset/Testing/UrbanOutfitters.html
0.031661962257956144,99.96833803774204,0,1,0,1,1,/Users/mdjavedulferdous/Documents/Dataset/Testing/UrbanOutfitters.html
0.031661962257956144,99.96833803774204,0,1,0,1,1,/Users/mdjavedulferdous/Documents/Dataset/Testing/UrbanOutfitters.html
0.031661962257956144,99.96833803774204,0,1,0,1,1,/Users/mdjavedulferdous/Documents/Dataset/Testing/UrbanOutfitters.html
0.031661962257956144,99.96833803774204,0,1,0,1,1,/Users/mdjavedulferdous/Documents/Dataset/Testing/UrbanOutfitters.html
0.031661962257956144,99.96833803774204,0,1,0,1,1,/Users/mdjavedulferdous/Documents/Dataset/Testing/UrbanOutfitters.html
0.031661962257956144,99.96833803774204,0,1,0,1,1,/Users/mdjavedulferdous/Documents/Dataset/Testing/UrbanOutfitters.html
0.031661962257956144,99.96833803774204,0,1,0,1,1,/Users/mdjavedulferdous/Documents/Dataset/Testing/UrbanOutfitters.html
0.031661962257956144,99.96833803774204,0,1,0,1,1,/Users/mdjavedulferdous/Documents/Dataset/Testing/UrbanOutfitters.html
0.031661962257956144,99.96833803774204,0,1,0,1,1,/Users/mdjavedulferdous/Documents/Dataset/Testing/UrbanOutfitters.html
0.031661962257956144,99.96833803774204,0,1,0,1,1,/Users/mdjavedulferdous/Documents/Dataset/Testing/UrbanOutfitters.html
0.031661962257956144,99.96833803774204,0,1,0,1,1,/Users/mdjavedulferdous/Documents/Dataset/Testing/UrbanOutfitters.html
0.031661962257956144,99.96833803774204,0,1,0,1,1,/Users/mdjavedulferdous/Documents/Dataset/Testing/UrbanOutfitters.html
0.031661962257956144,99.96833803774204,0,1,0,1,1,/Users/mdjavedulferdous/Documents/Dataset/Testing/UrbanOutfitters.html
0.031661962257956144,99.96833803774204,0,1,0,1,1,/Users/mdjavedulferdous/Documents/Dataset/Testing/UrbanOutfitters.html
0.031661962257956144,99.96833803774204,0,1,0,1,1,/Users/mdjavedulferdous/Documents/Dataset/Testing/UrbanOutfitters.html
0.031661962257956144,99.96833803774204,0,1,0,1,1,/Users/mdjavedulferdous/Documents/Dataset/Testing/UrbanOutfitters.html
0.031661962257956144,99.96833803774204,0,1,0,1,1,/Users/mdjavedulferdous/Documents/Dataset/Testing/UrbanOutfitters.html
0.031661962257956144,99.96833803774204,0,1,0,1,1,/Users/mdjavedulferdous/Documents/Dataset/Testing/UrbanOutfitters.html
0.031661962257956144,99.96833803774204,0,1,0,1,1,/Users/mdjavedulferdous/Documents/Dataset/Testing/UrbanOutfitters.html
0.031661962257956144,99.96833803774204,0,1,0,1,1,/Users/mdjavedulferdous/Documents/Dataset/Testing/UrbanOutfitters.html
0.031661962257956144,99.96833803774204,0,1,0,1,1,/Users/mdjavedulferdous/Documents/Dataset/Testing/UrbanOutfitters.html
0.031661962257956144,99.96833803774204,0,1,0,1,1,/Users/mdjavedulferdous/Documents/Dataset/Testing/UrbanOutfitters.html
0.031661962257956144,99.96833803774204,0,1,0,1,1,/Users/mdjavedulferdous/Documents/Dataset/Testing/UrbanOutfitters.html
0.031661962257956144,99.96833803774204,0,1,0,1,1,/Users/mdjavedulferdous/Documents/Dataset/Testing/UrbanOutfitters.html
0.031661962257956144,99.96833803774204,0,1,0,1,1,/Users/mdjavedulferdous/Documents/Dataset/Testing/UrbanOutfitters.html
0.031661962257956144,99.96833803774204,0,1,0,1,1,/Users/mdjavedulferdous/Documents/Dataset/Testing/UrbanOutfitters.html
0.026807840726761345,99.97319215927324,0,0,8,1,1,/Users/mdjavedulferdous/Documents/Dataset/Testing/UrbanOutfitters.html
0.026807840726761345,99.97319215927324,0,0,8,1,1,/Users/mdjavedulferdous/Documents/Dataset/Testing/UrbanOutfitters.html
0.026807840726761345,99.97319215927324,0,0,8,1,1,/Users/mdjavedulferdous/Documents/Dataset/Testing/UrbanOutfitters.html
0.032819274708728585,99.96718072529127,0,0,0,1,1,/Users/mdjavedulferdous/Documents/Dataset/Testing/UrbanOutfitters.html
0.026807840726761345,99.97319215927324,0,0,8,1,1,/Users/mdjavedulferdous/Documents/Dataset/Testing/UrbanOutfitters.html
0.026807840726761345,99.97319215927324,0,0,8,1,1,/Users/mdjavedulferdous/Documents/Dataset/Testing/UrbanOutfitters.html
0.032819274708728585,99.96718072529127,0,0,0,1,1,/Users/mdjavedulferdous/Documents/Dataset/Testing/UrbanOutfitters.html
0.09831372928640336,99.9016862707136,0,0,0,1,0,/Users/mdjavedulferdous/Documents/Dataset/Testing/UrbanOutfitters.html
0.09831372928640336,99.9016862707136,0,0,0,1,0,/Users/mdjavedulferdous/Documents/Dataset/Testing/UrbanOutfitters.html
0.09831372928640336,99.9016862707136,0,0,0,1,0,/Users/mdjavedulferdous/Documents/Dataset/Testing/UrbanOutfitters.html
0.09831372928640336,99.9016862707136,0,0,0,1,0,/Users/mdjavedulferdous/Documents/Dataset/Testing/UrbanOutfitters.html
0.032819274708728585,99.96718072529127,0,0,0,1,1,/Users/mdjavedulferdous/Documents/Dataset/Testing/UrbanOutfitters.html
0.032819274708728585,99.96718072529127,0,0,0,1,1,/Users/mdjavedulferdous/Documents/Dataset/Testing/UrbanOutfitters.html
0.09831372928640336,99.9016862707136,0,0,0,1,0,/Users/mdjavedulferdous/Documents/Dataset/Testing/UrbanOutfitters.html
0.09831372928640336,99.9016862707136,0,0,0,1,0,/Users/mdjavedulferdous/Documents/Dataset/Testing/UrbanOutfitters.html
0.09831372928640336,99.9016862707136,0,0,0,1,0,/Users/mdjavedulferdous/Documents/Dataset/Testing/UrbanOutfitters.html
0.09132954348870514,99.90867045651129,0,2,0,1,0,/Users/mdjavedulferdous/Documents/Dataset/Testing/UrbanOutfitters.html
1.982323372118344e-06,99.99999801767663,0,74,100,1,1,/Users/mdjavedulferdous/Documents/Dataset/Testing/UrbanOutfitters.html
0.032819274708728585,99.96718072529127,0,0,0,1,1,/Users/mdjavedulferdous/Documents/Dataset/Testing/UrbanOutfitters.html
0.032819274708728585,99.96718072529127,0,0,0,1,1,/Users/mdjavedulferdous/Documents/Dataset/Testing/UrbanOutfitters.html
0.032819274708728585,99.96718072529127,0,0,0,1,1,/Users/mdjavedulferdous/Documents/Dataset/Testing/UrbanOutfitters.html
2.240761853844475e-06,99.99999775923814,0,72,100,1,1,/Users/mdjavedulferdous/Documents/Dataset/Testing/UrbanOutfitters.html
0.09408936055701478,99.90591063944298,0,1,1,1,0,/Users/mdjavedulferdous/Documents/Dataset/Testing/UrbanOutfitters.html
0.09408936055701478,99.90591063944298,0,1,1,1,0,/Users/mdjavedulferdous/Documents/Dataset/Testing/UrbanOutfitters.html
0.09475737215030033,99.9052426278497,0,1,0,1,0,/Users/mdjavedulferdous/Documents/Dataset/Testing/UrbanOutfitters.html
0.032819274708728585,99.96718072529127,0,0,0,1,1,/Users/mdjavedulferdous/Documents/Dataset/Testing/UrbanOutfitters.html
0.09211342299609848,99.90788657700391,0,1,4,1,0,/Users/mdjavedulferdous/Documents/Dataset/Testing/UrbanOutfitters.html
0.09211342299609848,99.90788657700391,0,1,4,1,0,/Users/mdjavedulferdous/Documents/Dataset/Testing/UrbanOutfitters.html
0.09475737215030033,99.9052426278497,0,1,0,1,0,/Users/mdjavedulferdous/Documents/Dataset/Testing/UrbanOutfitters.html
0.032819274708728585,99.96718072529127,0,0,0,1,1,/Users/mdjavedulferdous/Documents/Dataset/Testing/UrbanOutfitters.html
0.032819274708728585,99.96718072529127,0,0,0,1,1,/Users/mdjavedulferdous/Documents/Dataset/Testing/UrbanOutfitters.html
0.09408936055701478,99.90591063944298,0,1,1,1,0,/Users/mdjavedulferdous/Documents/Dataset/Testing/UrbanOutfitters.html
0.09408936055701478,99.90591063944298,0,1,1,1,0,/Users/mdjavedulferdous/Documents/Dataset/Testing/UrbanOutfitters.html
0.09475737215030033,99.9052426278497,0,1,0,1,0,/Users/mdjavedulferdous/Documents/Dataset/Testing/UrbanOutfitters.html
0.032819274708728585,99.96718072529127,0,0,0,1,1,/Users/mdjavedulferdous/Documents/Dataset/Testing/UrbanOutfitters.html
0.09408936055701478,99.90591063944298,0,1,1,1,0,/Users/mdjavedulferdous/Documents/Dataset/Testing/UrbanOutfitters.html
0.09408936055701478,99.90591063944298,0,1,1,1,0,/Users/mdjavedulferdous/Documents/Dataset/Testing/UrbanOutfitters.html
0.09475737215030033,99.9052426278497,0,1,0,1,0,/Users/mdjavedulferdous/Documents/Dataset/Testing/UrbanOutfitters.html
0.032819274708728585,99.96718072529127,0,0,0,1,1,/Users/mdjavedulferdous/Documents/Dataset/Testing/UrbanOutfitters.html
0.09408936055701478,99.90591063944298,0,1,1,1,0,/Users/mdjavedulferdous/Documents/Dataset/Testing/UrbanOutfitters.html
0.09408936055701478,99.90591063944298,0,1,1,1,0,/Users/mdjavedulferdous/Documents/Dataset/Testing/UrbanOutfitters.html
0.09475737215030033,99.9052426278497,0,1,0,1,0,/Users/mdjavedulferdous/Documents/Dataset/Testing/UrbanOutfitters.html
0.032819274708728585,99.96718072529127,0,0,0,1,1,/Users/mdjavedulferdous/Documents/Dataset/Testing/UrbanOutfitters.html
0.09408936055701478,99.90591063944298,0,1,1,1,0,/Users/mdjavedulferdous/Documents/Dataset/Testing/UrbanOutfitters.html
0.09408936055701478,99.90591063944298,0,1,1,1,0,/Users/mdjavedulferdous/Documents/Dataset/Testing/UrbanOutfitters.html
0.09475737215030033,99.9052426278497,0,1,0,1,0,/Users/mdjavedulferdous/Documents/Dataset/Testing/UrbanOutfitters.html
0.032819274708728585,99.96718072529127,0,0,0,1,1,/Users/mdjavedulferdous/Documents/Dataset/Testing/UrbanOutfitters.html
0.09408936055701478,99.90591063944298,0,1,1,1,0,/Users/mdjavedulferdous/Documents/Dataset/Testing/UrbanOutfitters.html
0.09408936055701478,99.90591063944298,0,1,1,1,0,/Users/mdjavedulferdous/Documents/Dataset/Testing/UrbanOutfitters.html
0.09475737215030033,99.9052426278497,0,1,0,1,0,/Users/mdjavedulferdous/Documents/Dataset/Testing/UrbanOutfitters.html
0.032819274708728585,99.96718072529127,0,0,0,1,1,/Users/mdjavedulferdous/Documents/Dataset/Testing/UrbanOutfitters.html
0.09408936055701478,99.90591063944298,0,1,1,1,0,/Users/mdjavedulferdous/Documents/Dataset/Testing/UrbanOutfitters.html
0.09408936055701478,99.90591063944298,0,1,1,1,0,/Users/mdjavedulferdous/Documents/Dataset/Testing/UrbanOutfitters.html
0.09475737215030033,99.9052426278497,0,1,0,1,0,/Users/mdjavedulferdous/Documents/Dataset/Testing/UrbanOutfitters.html
0.032819274708728585,99.96718072529127,0,0,0,1,1,/Users/mdjavedulferdous/Documents/Dataset/Testing/UrbanOutfitters.html
0.09408936055701478,99.90591063944298,0,1,1,1,0,/Users/mdjavedulferdous/Documents/Dataset/Testing/UrbanOutfitters.html
0.09408936055701478,99.90591063944298,0,1,1,1,0,/Users/mdjavedulferdous/Documents/Dataset/Testing/UrbanOutfitters.html
0.09475737215030033,99.9052426278497,0,1,0,1,0,/Users/mdjavedulferdous/Documents/Dataset/Testing/UrbanOutfitters.html
0.032819274708728585,99.96718072529127,0,0,0,1,1,/Users/mdjavedulferdous/Documents/Dataset/Testing/UrbanOutfitters.html
0.09408936055701478,99.90591063944298,0,1,1,1,0,/Users/mdjavedulferdous/Documents/Dataset/Testing/UrbanOutfitters.html
0.09408936055701478,99.90591063944298,0,1,1,1,0,/Users/mdjavedulferdous/Documents/Dataset/Testing/UrbanOutfitters.html
0.09475737215030033,99.9052426278497,0,1,0,1,0,/Users/mdjavedulferdous/Documents/Dataset/Testing/UrbanOutfitters.html
0.032819274708728585,99.96718072529127,0,0,0,1,1,/Users/mdjavedulferdous/Documents/Dataset/Testing/UrbanOutfitters.html
0.09408936055701478,99.90591063944298,0,1,1,1,0,/Users/mdjavedulferdous/Documents/Dataset/Testing/UrbanOutfitters.html
0.09408936055701478,99.90591063944298,0,1,1,1,0,/Users/mdjavedulferdous/Documents/Dataset/Testing/UrbanOutfitters.html
0.09475737215030033,99.9052426278497,0,1,0,1,0,/Users/mdjavedulferdous/Documents/Dataset/Testing/UrbanOutfitters.html
0.032819274708728585,99.96718072529127,0,0,0,1,1,/Users/mdjavedulferdous/Documents/Dataset/Testing/UrbanOutfitters.html
0.09408936055701478,99.90591063944298,0,1,1,1,0,/Users/mdjavedulferdous/Documents/Dataset/Testing/UrbanOutfitters.html
0.09408936055701478,99.90591063944298,0,1,1,1,0,/Users/mdjavedulferdous/Documents/Dataset/Testing/UrbanOutfitters.html
0.09475737215030033,99.9052426278497,0,1,0,1,0,/Users/mdjavedulferdous/Documents/Dataset/Testing/UrbanOutfitters.html
0.032819274708728585,99.96718072529127,0,0,0,1,1,/Users/mdjavedulferdous/Documents/Dataset/Testing/UrbanOutfitters.html
0.09408936055701478,99.90591063944298,0,1,1,1,0,/Users/mdjavedulferdous/Documents/Dataset/Testing/UrbanOutfitters.html
0.09408936055701478,99.90591063944298,0,1,1,1,0,/Users/mdjavedulferdous/Documents/Dataset/Testing/UrbanOutfitters.html
0.09475737215030033,99.9052426278497,0,1,0,1,0,/Users/mdjavedulferdous/Documents/Dataset/Testing/UrbanOutfitters.html
0.032819274708728585,99.96718072529127,0,0,0,1,1,/Users/mdjavedulferdous/Documents/Dataset/Testing/UrbanOutfitters.html
0.09211342299609848,99.90788657700391,0,1,4,1,0,/Users/mdjavedulferdous/Documents/Dataset/Testing/UrbanOutfitters.html
0.09211342299609848,99.90788657700391,0,1,4,1,0,/Users/mdjavedulferdous/Documents/Dataset/Testing/UrbanOutfitters.html
0.09475737215030033,99.9052426278497,0,1,0,1,0,/Users/mdjavedulferdous/Documents/Dataset/Testing/UrbanOutfitters.html
0.032819274708728585,99.96718072529127,0,0,0,1,1,/Users/mdjavedulferdous/Documents/Dataset/Testing/UrbanOutfitters.html
0.032819274708728585,99.96718072529127,0,0,0,1,1,/Users/mdjavedulferdous/Documents/Dataset/Testing/UrbanOutfitters.html
0.09408936055701478,99.90591063944298,0,1,1,1,0,/Users/mdjavedulferdous/Documents/Dataset/Testing/UrbanOutfitters.html
0.09408936055701478,99.90591063944298,0,1,1,1,0,/Users/mdjavedulferdous/Documents/Dataset/Testing/UrbanOutfitters.html
0.09475737215030033,99.9052426278497,0,1,0,1,0,/Users/mdjavedulferdous/Documents/Dataset/Testing/UrbanOutfitters.html
0.032819274708728585,99.96718072529127,0,0,0,1,1,/Users/mdjavedulferdous/Documents/Dataset/Testing/UrbanOutfitters.html
0.09408936055701478,99.90591063944298,0,1,1,1,0,/Users/mdjavedulferdous/Documents/Dataset/Testing/UrbanOutfitters.html
0.09408936055701478,99.90591063944298,0,1,1,1,0,/Users/mdjavedulferdous/Documents/Dataset/Testing/UrbanOutfitters.html
0.09475737215030033,99.9052426278497,0,1,0,1,0,/Users/mdjavedulferdous/Documents/Dataset/Testing/UrbanOutfitters.html
0.032819274708728585,99.96718072529127,0,0,0,1,1,/Users/mdjavedulferdous/Documents/Dataset/Testing/UrbanOutfitters.html
0.09408936055701478,99.90591063944298,0,1,1,1,0,/Users/mdjavedulferdous/Documents/Dataset/Testing/UrbanOutfitters.html
0.09408936055701478,99.90591063944298,0,1,1,1,0,/Users/mdjavedulferdous/Documents/Dataset/Testing/UrbanOutfitters.html
0.09475737215030033,99.9052426278497,0,1,0,1,0,/Users/mdjavedulferdous/Documents/Dataset/Testing/UrbanOutfitters.html
0.032819274708728585,99.96718072529127,0,0,0,1,1,/Users/mdjavedulferdous/Documents/Dataset/Testing/UrbanOutfitters.html
0.09408936055701478,99.90591063944298,0,1,1,1,0,/Users/mdjavedulferdous/Documents/Dataset/Testing/UrbanOutfitters.html
0.09408936055701478,99.90591063944298,0,1,1,1,0,/Users/mdjavedulferdous/Documents/Dataset/Testing/UrbanOutfitters.html
0.09475737215030033,99.9052426278497,0,1,0,1,0,/Users/mdjavedulferdous/Documents/Dataset/Testing/UrbanOutfitters.html
0.032819274708728585,99.96718072529127,0,0,0,1,1,/Users/mdjavedulferdous/Documents/Dataset/Testing/UrbanOutfitters.html
0.09342605384502489,99.90657394615498,0,1,2,1,0,/Users/mdjavedulferdous/Documents/Dataset/Testing/UrbanOutfitters.html
0.09342605384502489,99.90657394615498,0,1,2,1,0,/Users/mdjavedulferdous/Documents/Dataset/Testing/UrbanOutfitters.html
0.09475737215030033,99.9052426278497,0,1,0,1,0,/Users/mdjavedulferdous/Documents/Dataset/Testing/UrbanOutfitters.html
0.032819274708728585,99.96718072529127,0,0,0,1,1,/Users/mdjavedulferdous/Documents/Dataset/Testing/UrbanOutfitters.html
0.032819274708728585,99.96718072529127,0,0,0,1,1,/Users/mdjavedulferdous/Documents/Dataset/Testing/UrbanOutfitters.html
0.09408936055701478,99.90591063944298,0,1,1,1,0,/Users/mdjavedulferdous/Documents/Dataset/Testing/UrbanOutfitters.html
0.09408936055701478,99.90591063944298,0,1,1,1,0,/Users/mdjavedulferdous/Documents/Dataset/Testing/UrbanOutfitters.html
0.09475737215030033,99.9052426278497,0,1,0,1,0,/Users/mdjavedulferdous/Documents/Dataset/Testing/UrbanOutfitters.html
0.032819274708728585,99.96718072529127,0,0,0,1,1,/Users/mdjavedulferdous/Documents/Dataset/Testing/UrbanOutfitters.html
0.032819274708728585,99.96718072529127,0,0,0,1,1,/Users/mdjavedulferdous/Documents/Dataset/Testing/UrbanOutfitters.html
0.09408936055701478,99.90591063944298,0,1,1,1,0,/Users/mdjavedulferdous/Documents/Dataset/Testing/UrbanOutfitters.html
0.09408936055701478,99.90591063944298,0,1,1,1,0,/Users/mdjavedulferdous/Documents/Dataset/Testing/UrbanOutfitters.html
0.09475737215030033,99.9052426278497,0,1,0,1,0,/Users/mdjavedulferdous/Documents/Dataset/Testing/UrbanOutfitters.html
0.032819274708728585,99.96718072529127,0,0,0,1,1,/Users/mdjavedulferdous/Documents/Dataset/Testing/UrbanOutfitters.html
0.032819274708728585,99.96718072529127,0,0,0,1,1,/Users/mdjavedulferdous/Documents/Dataset/Testing/UrbanOutfitters.html
0.09408936055701478,99.90591063944298,0,1,1,1,0,/Users/mdjavedulferdous/Documents/Dataset/Testing/UrbanOutfitters.html
0.09408936055701478,99.90591063944298,0,1,1,1,0,/Users/mdjavedulferdous/Documents/Dataset/Testing/UrbanOutfitters.html
0.09475737215030033,99.9052426278497,0,1,0,1,0,/Users/mdjavedulferdous/Documents/Dataset/Testing/UrbanOutfitters.html
0.032819274708728585,99.96718072529127,0,0,0,1,1,/Users/mdjavedulferdous/Documents/Dataset/Testing/UrbanOutfitters.html
0.032819274708728585,99.96718072529127,0,0,0,1,1,/Users/mdjavedulferdous/Documents/Dataset/Testing/UrbanOutfitters.html
0.09408936055701478,99.90591063944298,0,1,1,1,0,/Users/mdjavedulferdous/Documents/Dataset/Testing/UrbanOutfitters.html
0.09408936055701478,99.90591063944298,0,1,1,1,0,/Users/mdjavedulferdous/Documents/Dataset/Testing/UrbanOutfitters.html
0.09475737215030033,99.9052426278497,0,1,0,1,0,/Users/mdjavedulferdous/Documents/Dataset/Testing/UrbanOutfitters.html
0.032819274708728585,99.96718072529127,0,0,0,1,1,/Users/mdjavedulferdous/Documents/Dataset/Testing/UrbanOutfitters.html
0.032819274708728585,99.96718072529127,0,0,0,1,1,/Users/mdjavedulferdous/Documents/Dataset/Testing/UrbanOutfitters.html
0.09408936055701478,99.90591063944298,0,1,1,1,0,/Users/mdjavedulferdous/Documents/Dataset/Testing/UrbanOutfitters.html
0.09408936055701478,99.90591063944298,0,1,1,1,0,/Users/mdjavedulferdous/Documents/Dataset/Testing/UrbanOutfitters.html
0.09475737215030033,99.9052426278497,0,1,0,1,0,/Users/mdjavedulferdous/Documents/Dataset/Testing/UrbanOutfitters.html
0.032819274708728585,99.96718072529127,0,0,0,1,1,/Users/mdjavedulferdous/Documents/Dataset/Testing/UrbanOutfitters.html
0.032819274708728585,99.96718072529127,0,0,0,1,1,/Users/mdjavedulferdous/Documents/Dataset/Testing/UrbanOutfitters.html
0.09408936055701478,99.90591063944298,0,1,1,1,0,/Users/mdjavedulferdous/Documents/Dataset/Testing/UrbanOutfitters.html
0.09408936055701478,99.90591063944298,0,1,1,1,0,/Users/mdjavedulferdous/Documents/Dataset/Testing/UrbanOutfitters.html
0.09475737215030033,99.9052426278497,0,1,0,1,0,/Users/mdjavedulferdous/Documents/Dataset/Testing/UrbanOutfitters.html
0.032819274708728585,99.96718072529127,0,0,0,1,1,/Users/mdjavedulferdous/Documents/Dataset/Testing/UrbanOutfitters.html
0.032819274708728585,99.96718072529127,0,0,0,1,1,/Users/mdjavedulferdous/Documents/Dataset/Testing/UrbanOutfitters.html
0.09408936055701478,99.90591063944298,0,1,1,1,0,/Users/mdjavedulferdous/Documents/Dataset/Testing/UrbanOutfitters.html
0.09408936055701478,99.90591063944298,0,1,1,1,0,/Users/mdjavedulferdous/Documents/Dataset/Testing/UrbanOutfitters.html
0.09475737215030033,99.9052426278497,0,1,0,1,0,/Users/mdjavedulferdous/Documents/Dataset/Testing/UrbanOutfitters.html
0.032819274708728585,99.96718072529127,0,0,0,1,1,/Users/mdjavedulferdous/Documents/Dataset/Testing/UrbanOutfitters.html
0.032819274708728585,99.96718072529127,0,0,0,1,1,/Users/mdjavedulferdous/Documents/Dataset/Testing/UrbanOutfitters.html
0.09408936055701478,99.90591063944298,0,1,1,1,0,/Users/mdjavedulferdous/Documents/Dataset/Testing/UrbanOutfitters.html
0.09408936055701478,99.90591063944298,0,1,1,1,0,/Users/mdjavedulferdous/Documents/Dataset/Testing/UrbanOutfitters.html
0.09475737215030033,99.9052426278497,0,1,0,1,0,/Users/mdjavedulferdous/Documents/Dataset/Testing/UrbanOutfitters.html
0.032819274708728585,99.96718072529127,0,0,0,1,1,/Users/mdjavedulferdous/Documents/Dataset/Testing/UrbanOutfitters.html
0.032819274708728585,99.96718072529127,0,0,0,1,1,/Users/mdjavedulferdous/Documents/Dataset/Testing/UrbanOutfitters.html
0.09408936055701478,99.90591063944298,0,1,1,1,0,/Users/mdjavedulferdous/Documents/Dataset/Testing/UrbanOutfitters.html
0.09408936055701478,99.90591063944298,0,1,1,1,0,/Users/mdjavedulferdous/Documents/Dataset/Testing/UrbanOutfitters.html
0.09475737215030033,99.9052426278497,0,1,0,1,0,/Users/mdjavedulferdous/Documents/Dataset/Testing/UrbanOutfitters.html
0.032819274708728585,99.96718072529127,0,0,0,1,1,/Users/mdjavedulferdous/Documents/Dataset/Testing/UrbanOutfitters.html
0.032819274708728585,99.96718072529127,0,0,0,1,1,/Users/mdjavedulferdous/Documents/Dataset/Testing/UrbanOutfitters.html
0.09408936055701478,99.90591063944298,0,1,1,1,0,/Users/mdjavedulferdous/Documents/Dataset/Testing/UrbanOutfitters.html
0.09408936055701478,99.90591063944298,0,1,1,1,0,/Users/mdjavedulferdous/Documents/Dataset/Testing/UrbanOutfitters.html
0.09475737215030033,99.9052426278497,0,1,0,1,0,/Users/mdjavedulferdous/Documents/Dataset/Testing/UrbanOutfitters.html
0.032819274708728585,99.96718072529127,0,0,0,1,1,/Users/mdjavedulferdous/Documents/Dataset/Testing/UrbanOutfitters.html
0.032819274708728585,99.96718072529127,0,0,0,1,1,/Users/mdjavedulferdous/Documents/Dataset/Testing/UrbanOutfitters.html
0.09408936055701478,99.90591063944298,0,1,1,1,0,/Users/mdjavedulferdous/Documents/Dataset/Testing/UrbanOutfitters.html
0.09408936055701478,99.90591063944298,0,1,1,1,0,/Users/mdjavedulferdous/Documents/Dataset/Testing/UrbanOutfitters.html
0.09475737215030033,99.9052426278497,0,1,0,1,0,/Users/mdjavedulferdous/Documents/Dataset/Testing/UrbanOutfitters.html
0.032819274708728585,99.96718072529127,0,0,0,1,1,/Users/mdjavedulferdous/Documents/Dataset/Testing/UrbanOutfitters.html
0.032819274708728585,99.96718072529127,0,0,0,1,1,/Users/mdjavedulferdous/Documents/Dataset/Testing/UrbanOutfitters.html
0.09408936055701478,99.90591063944298,0,1,1,1,0,/Users/mdjavedulferdous/Documents/Dataset/Testing/UrbanOutfitters.html
0.09408936055701478,99.90591063944298,0,1,1,1,0,/Users/mdjavedulferdous/Documents/Dataset/Testing/UrbanOutfitters.html
0.09475737215030033,99.9052426278497,0,1,0,1,0,/Users/mdjavedulferdous/Documents/Dataset/Testing/UrbanOutfitters.html
0.032819274708728585,99.96718072529127,0,0,0,1,1,/Users/mdjavedulferdous/Documents/Dataset/Testing/UrbanOutfitters.html
0.032819274708728585,99.96718072529127,0,0,0,1,1,/Users/mdjavedulferdous/Documents/Dataset/Testing/UrbanOutfitters.html
0.09408936055701478,99.90591063944298,0,1,1,1,0,/Users/mdjavedulferdous/Documents/Dataset/Testing/UrbanOutfitters.html
0.09408936055701478,99.90591063944298,0,1,1,1,0,/Users/mdjavedulferdous/Documents/Dataset/Testing/UrbanOutfitters.html
0.09475737215030033,99.9052426278497,0,1,0,1,0,/Users/mdjavedulferdous/Documents/Dataset/Testing/UrbanOutfitters.html
0.032819274708728585,99.96718072529127,0,0,0,1,1,/Users/mdjavedulferdous/Documents/Dataset/Testing/UrbanOutfitters.html
0.09408936055701478,99.90591063944298,0,1,1,1,0,/Users/mdjavedulferdous/Documents/Dataset/Testing/UrbanOutfitters.html
0.09408936055701478,99.90591063944298,0,1,1,1,0,/Users/mdjavedulferdous/Documents/Dataset/Testing/UrbanOutfitters.html
0.09475737215030033,99.9052426278497,0,1,0,1,0,/Users/mdjavedulferdous/Documents/Dataset/Testing/UrbanOutfitters.html
0.032819274708728585,99.96718072529127,0,0,0,1,1,/Users/mdjavedulferdous/Documents/Dataset/Testing/UrbanOutfitters.html
0.032819274708728585,99.96718072529127,0,0,0,1,1,/Users/mdjavedulferdous/Documents/Dataset/Testing/UrbanOutfitters.html
0.09408936055701478,99.90591063944298,0,1,1,1,0,/Users/mdjavedulferdous/Documents/Dataset/Testing/UrbanOutfitters.html
0.09408936055701478,99.90591063944298,0,1,1,1,0,/Users/mdjavedulferdous/Documents/Dataset/Testing/UrbanOutfitters.html
0.09475737215030033,99.9052426278497,0,1,0,1,0,/Users/mdjavedulferdous/Documents/Dataset/Testing/UrbanOutfitters.html
0.032819274708728585,99.96718072529127,0,0,0,1,1,/Users/mdjavedulferdous/Documents/Dataset/Testing/UrbanOutfitters.html
0.032819274708728585,99.96718072529127,0,0,0,1,1,/Users/mdjavedulferdous/Documents/Dataset/Testing/UrbanOutfitters.html
0.09408936055701478,99.90591063944298,0,1,1,1,0,/Users/mdjavedulferdous/Documents/Dataset/Testing/UrbanOutfitters.html
0.09408936055701478,99.90591063944298,0,1,1,1,0,/Users/mdjavedulferdous/Documents/Dataset/Testing/UrbanOutfitters.html
0.09475737215030033,99.9052426278497,0,1,0,1,0,/Users/mdjavedulferdous/Documents/Dataset/Testing/UrbanOutfitters.html
0.032819274708728585,99.96718072529127,0,0,0,1,1,/Users/mdjavedulferdous/Documents/Dataset/Testing/UrbanOutfitters.html
0.032819274708728585,99.96718072529127,0,0,0,1,1,/Users/mdjavedulferdous/Documents/Dataset/Testing/UrbanOutfitters.html
0.09408936055701478,99.90591063944298,0,1,1,1,0,/Users/mdjavedulferdous/Documents/Dataset/Testing/UrbanOutfitters.html
0.09408936055701478,99.90591063944298,0,1,1,1,0,/Users/mdjavedulferdous/Documents/Dataset/Testing/UrbanOutfitters.html
0.09475737215030033,99.9052426278497,0,1,0,1,0,/Users/mdjavedulferdous/Documents/Dataset/Testing/UrbanOutfitters.html
0.032819274708728585,99.96718072529127,0,0,0,1,1,/Users/mdjavedulferdous/Documents/Dataset/Testing/UrbanOutfitters.html
0.032819274708728585,99.96718072529127,0,0,0,1,1,/Users/mdjavedulferdous/Documents/Dataset/Testing/UrbanOutfitters.html
0.09408936055701478,99.90591063944298,0,1,1,1,0,/Users/mdjavedulferdous/Documents/Dataset/Testing/UrbanOutfitters.html
0.09408936055701478,99.90591063944298,0,1,1,1,0,/Users/mdjavedulferdous/Documents/Dataset/Testing/UrbanOutfitters.html
0.09475737215030033,99.9052426278497,0,1,0,1,0,/Users/mdjavedulferdous/Documents/Dataset/Testing/UrbanOutfitters.html
0.032819274708728585,99.96718072529127,0,0,0,1,1,/Users/mdjavedulferdous/Documents/Dataset/Testing/UrbanOutfitters.html
0.032819274708728585,99.96718072529127,0,0,0,1,1,/Users/mdjavedulferdous/Documents/Dataset/Testing/UrbanOutfitters.html
0.09408936055701478,99.90591063944298,0,1,1,1,0,/Users/mdjavedulferdous/Documents/Dataset/Testing/UrbanOutfitters.html
0.09408936055701478,99.90591063944298,0,1,1,1,0,/Users/mdjavedulferdous/Documents/Dataset/Testing/UrbanOutfitters.html
0.09475737215030033,99.9052426278497,0,1,0,1,0,/Users/mdjavedulferdous/Documents/Dataset/Testing/UrbanOutfitters.html
0.032819274708728585,99.96718072529127,0,0,0,1,1,/Users/mdjavedulferdous/Documents/Dataset/Testing/UrbanOutfitters.html
0.032819274708728585,99.96718072529127,0,0,0,1,1,/Users/mdjavedulferdous/Documents/Dataset/Testing/UrbanOutfitters.html
0.09408936055701478,99.90591063944298,0,1,1,1,0,/Users/mdjavedulferdous/Documents/Dataset/Testing/UrbanOutfitters.html
0.09408936055701478,99.90591063944298,0,1,1,1,0,/Users/mdjavedulferdous/Documents/Dataset/Testing/UrbanOutfitters.html
0.09475737215030033,99.9052426278497,0,1,0,1,0,/Users/mdjavedulferdous/Documents/Dataset/Testing/UrbanOutfitters.html
0.032819274708728585,99.96718072529127,0,0,0,1,1,/Users/mdjavedulferdous/Documents/Dataset/Testing/UrbanOutfitters.html
0.032819274708728585,99.96718072529127,0,0,0,1,1,/Users/mdjavedulferdous/Documents/Dataset/Testing/UrbanOutfitters.html
0.09408936055701478,99.90591063944298,0,1,1,1,0,/Users/mdjavedulferdous/Documents/Dataset/Testing/UrbanOutfitters.html
0.09408936055701478,99.90591063944298,0,1,1,1,0,/Users/mdjavedulferdous/Documents/Dataset/Testing/UrbanOutfitters.html
0.09475737215030033,99.9052426278497,0,1,0,1,0,/Users/mdjavedulferdous/Documents/Dataset/Testing/UrbanOutfitters.html
0.032819274708728585,99.96718072529127,0,0,0,1,1,/Users/mdjavedulferdous/Documents/Dataset/Testing/UrbanOutfitters.html
0.032819274708728585,99.96718072529127,0,0,0,1,1,/Users/mdjavedulferdous/Documents/Dataset/Testing/UrbanOutfitters.html
0.09408936055701478,99.90591063944298,0,1,1,1,0,/Users/mdjavedulferdous/Documents/Dataset/Testing/UrbanOutfitters.html
0.09408936055701478,99.90591063944298,0,1,1,1,0,/Users/mdjavedulferdous/Documents/Dataset/Testing/UrbanOutfitters.html
0.09475737215030033,99.9052426278497,0,1,0,1,0,/Users/mdjavedulferdous/Documents/Dataset/Testing/UrbanOutfitters.html
0.032819274708728585,99.96718072529127,0,0,0,1,1,/Users/mdjavedulferdous/Documents/Dataset/Testing/UrbanOutfitters.html
0.032819274708728585,99.96718072529127,0,0,0,1,1,/Users/mdjavedulferdous/Documents/Dataset/Testing/UrbanOutfitters.html
0.09408936055701478,99.90591063944298,0,1,1,1,0,/Users/mdjavedulferdous/Documents/Dataset/Testing/UrbanOutfitters.html
0.09408936055701478,99.90591063944298,0,1,1,1,0,/Users/mdjavedulferdous/Documents/Dataset/Testing/UrbanOutfitters.html
0.09475737215030033,99.9052426278497,0,1,0,1,0,/Users/mdjavedulferdous/Documents/Dataset/Testing/UrbanOutfitters.html
0.032819274708728585,99.96718072529127,0,0,0,1,1,/Users/mdjavedulferdous/Documents/Dataset/Testing/UrbanOutfitters.html
0.032819274708728585,99.96718072529127,0,0,0,1,1,/Users/mdjavedulferdous/Documents/Dataset/Testing/UrbanOutfitters.html
0.09408936055701478,99.90591063944298,0,1,1,1,0,/Users/mdjavedulferdous/Documents/Dataset/Testing/UrbanOutfitters.html
0.09408936055701478,99.90591063944298,0,1,1,1,0,/Users/mdjavedulferdous/Documents/Dataset/Testing/UrbanOutfitters.html
0.09475737215030033,99.9052426278497,0,1,0,1,0,/Users/mdjavedulferdous/Documents/Dataset/Testing/UrbanOutfitters.html
0.032819274708728585,99.96718072529127,0,0,0,1,1,/Users/mdjavedulferdous/Documents/Dataset/Testing/UrbanOutfitters.html
0.032819274708728585,99.96718072529127,0,0,0,1,1,/Users/mdjavedulferdous/Documents/Dataset/Testing/UrbanOutfitters.html
0.09408936055701478,99.90591063944298,0,1,1,1,0,/Users/mdjavedulferdous/Documents/Dataset/Testing/UrbanOutfitters.html
0.09408936055701478,99.90591063944298,0,1,1,1,0,/Users/mdjavedulferdous/Documents/Dataset/Testing/UrbanOutfitters.html
0.09475737215030033,99.9052426278497,0,1,0,1,0,/Users/mdjavedulferdous/Documents/Dataset/Testing/UrbanOutfitters.html
0.032819274708728585,99.96718072529127,0,0,0,1,1,/Users/mdjavedulferdous/Documents/Dataset/Testing/UrbanOutfitters.html
0.09408936055701478,99.90591063944298,0,1,1,1,0,/Users/mdjavedulferdous/Documents/Dataset/Testing/UrbanOutfitters.html
0.09408936055701478,99.90591063944298,0,1,1,1,0,/Users/mdjavedulferdous/Documents/Dataset/Testing/UrbanOutfitters.html
0.09475737215030033,99.9052426278497,0,1,0,1,0,/Users/mdjavedulferdous/Documents/Dataset/Testing/UrbanOutfitters.html
0.032819274708728585,99.96718072529127,0,0,0,1,1,/Users/mdjavedulferdous/Documents/Dataset/Testing/UrbanOutfitters.html
0.032819274708728585,99.96718072529127,0,0,0,1,1,/Users/mdjavedulferdous/Documents/Dataset/Testing/UrbanOutfitters.html
0.09211342299609848,99.90788657700391,0,1,4,1,0,/Users/mdjavedulferdous/Documents/Dataset/Testing/UrbanOutfitters.html
0.09211342299609848,99.90788657700391,0,1,4,1,0,/Users/mdjavedulferdous/Documents/Dataset/Testing/UrbanOutfitters.html
0.09475737215030033,99.9052426278497,0,1,0,1,0,/Users/mdjavedulferdous/Documents/Dataset/Testing/UrbanOutfitters.html
0.032819274708728585,99.96718072529127,0,0,0,1,1,/Users/mdjavedulferdous/Documents/Dataset/Testing/UrbanOutfitters.html
0.032819274708728585,99.96718072529127,0,0,0,1,1,/Users/mdjavedulferdous/Documents/Dataset/Testing/UrbanOutfitters.html
0.09408936055701478,99.90591063944298,0,1,1,1,0,/Users/mdjavedulferdous/Documents/Dataset/Testing/UrbanOutfitters.html
0.09408936055701478,99.90591063944298,0,1,1,1,0,/Users/mdjavedulferdous/Documents/Dataset/Testing/UrbanOutfitters.html
0.09475737215030033,99.9052426278497,0,1,0,1,0,/Users/mdjavedulferdous/Documents/Dataset/Testing/UrbanOutfitters.html
0.032819274708728585,99.96718072529127,0,0,0,1,1,/Users/mdjavedulferdous/Documents/Dataset/Testing/UrbanOutfitters.html
0.09408936055701478,99.90591063944298,0,1,1,1,0,/Users/mdjavedulferdous/Documents/Dataset/Testing/UrbanOutfitters.html
0.09408936055701478,99.90591063944298,0,1,1,1,0,/Users/mdjavedulferdous/Documents/Dataset/Testing/UrbanOutfitters.html
0.09475737215030033,99.9052426278497,0,1,0,1,0,/Users/mdjavedulferdous/Documents/Dataset/Testing/UrbanOutfitters.html
0.032819274708728585,99.96718072529127,0,0,0,1,1,/Users/mdjavedulferdous/Documents/Dataset/Testing/UrbanOutfitters.html
0.09408936055701478,99.90591063944298,0,1,1,1,0,/Users/mdjavedulferdous/Documents/Dataset/Testing/UrbanOutfitters.html
0.09408936055701478,99.90591063944298,0,1,1,1,0,/Users/mdjavedulferdous/Documents/Dataset/Testing/UrbanOutfitters.html
0.09475737215030033,99.9052426278497,0,1,0,1,0,/Users/mdjavedulferdous/Documents/Dataset/Testing/UrbanOutfitters.html
0.032819274708728585,99.96718072529127,0,0,0,1,1,/Users/mdjavedulferdous/Documents/Dataset/Testing/UrbanOutfitters.html
0.03147495567644709,99.96852504432356,0,1,1,1,1,/Users/mdjavedulferdous/Documents/Dataset/Testing/UrbanOutfitters.html
0.03147495567644709,99.96852504432356,0,1,1,1,1,/Users/mdjavedulferdous/Documents/Dataset/Testing/UrbanOutfitters.html
0.031661962257956144,99.96833803774204,0,1,0,1,1,/Users/mdjavedulferdous/Documents/Dataset/Testing/UrbanOutfitters.html
0.032819274708728585,99.96718072529127,0,0,0,1,1,/Users/mdjavedulferdous/Documents/Dataset/Testing/UrbanOutfitters.html
0.032819274708728585,99.96718072529127,0,0,0,1,1,/Users/mdjavedulferdous/Documents/Dataset/Testing/UrbanOutfitters.html
0.032819274708728585,99.96718072529127,0,0,0,1,1,/Users/mdjavedulferdous/Documents/Dataset/Testing/UrbanOutfitters.html
0.09408936055701478,99.90591063944298,0,1,1,1,0,/Users/mdjavedulferdous/Documents/Dataset/Testing/UrbanOutfitters.html
0.09408936055701478,99.90591063944298,0,1,1,1,0,/Users/mdjavedulferdous/Documents/Dataset/Testing/UrbanOutfitters.html
0.09475737215030033,99.9052426278497,0,1,0,1,0,/Users/mdjavedulferdous/Documents/Dataset/Testing/UrbanOutfitters.html
0.032819274708728585,99.96718072529127,0,0,0,1,1,/Users/mdjavedulferdous/Documents/Dataset/Testing/UrbanOutfitters.html
0.032819274708728585,99.96718072529127,0,0,0,1,1,/Users/mdjavedulferdous/Documents/Dataset/Testing/UrbanOutfitters.html
0.09342605384502489,99.90657394615498,0,1,2,1,0,/Users/mdjavedulferdous/Documents/Dataset/Testing/UrbanOutfitters.html
0.09342605384502489,99.90657394615498,0,1,2,1,0,/Users/mdjavedulferdous/Documents/Dataset/Testing/UrbanOutfitters.html
0.09475737215030033,99.9052426278497,0,1,0,1,0,/Users/mdjavedulferdous/Documents/Dataset/Testing/UrbanOutfitters.html
0.032819274708728585,99.96718072529127,0,0,0,1,1,/Users/mdjavedulferdous/Documents/Dataset/Testing/UrbanOutfitters.html
0.032819274708728585,99.96718072529127,0,0,0,1,1,/Users/mdjavedulferdous/Documents/Dataset/Testing/UrbanOutfitters.html
0.09211342299609848,99.90788657700391,0,1,4,1,0,/Users/mdjavedulferdous/Documents/Dataset/Testing/UrbanOutfitters.html
0.09211342299609848,99.90788657700391,0,1,4,1,0,/Users/mdjavedulferdous/Documents/Dataset/Testing/UrbanOutfitters.html
0.09475737215030033,99.9052426278497,0,1,0,1,0,/Users/mdjavedulferdous/Documents/Dataset/Testing/UrbanOutfitters.html
0.032819274708728585,99.96718072529127,0,0,0,1,1,/Users/mdjavedulferdous/Documents/Dataset/Testing/UrbanOutfitters.html
0.032819274708728585,99.96718072529127,0,0,0,1,1,/Users/mdjavedulferdous/Documents/Dataset/Testing/UrbanOutfitters.html
0.09276741893923246,99.90723258106077,0,1,3,1,0,/Users/mdjavedulferdous/Documents/Dataset/Testing/UrbanOutfitters.html
0.09276741893923246,99.90723258106077,0,1,3,1,0,/Users/mdjavedulferdous/Documents/Dataset/Testing/UrbanOutfitters.html
0.09475737215030033,99.9052426278497,0,1,0,1,0,/Users/mdjavedulferdous/Documents/Dataset/Testing/UrbanOutfitters.html
0.032819274708728585,99.96718072529127,0,0,0,1,1,/Users/mdjavedulferdous/Documents/Dataset/Testing/UrbanOutfitters.html
0.032819274708728585,99.96718072529127,0,0,0,1,1,/Users/mdjavedulferdous/Documents/Dataset/Testing/UrbanOutfitters.html
0.09276741893923246,99.90723258106077,0,1,3,1,0,/Users/mdjavedulferdous/Documents/Dataset/Testing/UrbanOutfitters.html
0.09276741893923246,99.90723258106077,0,1,3,1,0,/Users/mdjavedulferdous/Documents/Dataset/Testing/UrbanOutfitters.html
0.09475737215030033,99.9052426278497,0,1,0,1,0,/Users/mdjavedulferdous/Documents/Dataset/Testing/UrbanOutfitters.html
0.032819274708728585,99.96718072529127,0,0,0,1,1,/Users/mdjavedulferdous/Documents/Dataset/Testing/UrbanOutfitters.html
0.032819274708728585,99.96718072529127,0,0,0,1,1,/Users/mdjavedulferdous/Documents/Dataset/Testing/UrbanOutfitters.html
0.09408936055701478,99.90591063944298,0,1,1,1,0,/Users/mdjavedulferdous/Documents/Dataset/Testing/UrbanOutfitters.html
0.09408936055701478,99.90591063944298,0,1,1,1,0,/Users/mdjavedulferdous/Documents/Dataset/Testing/UrbanOutfitters.html
0.09475737215030033,99.9052426278497,0,1,0,1,0,/Users/mdjavedulferdous/Documents/Dataset/Testing/UrbanOutfitters.html
0.032819274708728585,99.96718072529127,0,0,0,1,1,/Users/mdjavedulferdous/Documents/Dataset/Testing/UrbanOutfitters.html
0.09342605384502489,99.90657394615498,0,1,2,1,0,/Users/mdjavedulferdous/Documents/Dataset/Testing/UrbanOutfitters.html
0.09342605384502489,99.90657394615498,0,1,2,1,0,/Users/mdjavedulferdous/Documents/Dataset/Testing/UrbanOutfitters.html
0.09475737215030033,99.9052426278497,0,1,0,1,0,/Users/mdjavedulferdous/Documents/Dataset/Testing/UrbanOutfitters.html
0.032819274708728585,99.96718072529127,0,0,0,1,1,/Users/mdjavedulferdous/Documents/Dataset/Testing/UrbanOutfitters.html
0.09408936055701478,99.90591063944298,0,1,1,1,0,/Users/mdjavedulferdous/Documents/Dataset/Testing/UrbanOutfitters.html
0.09408936055701478,99.90591063944298,0,1,1,1,0,/Users/mdjavedulferdous/Documents/Dataset/Testing/UrbanOutfitters.html
0.09475737215030033,99.9052426278497,0,1,0,1,0,/Users/mdjavedulferdous/Documents/Dataset/Testing/UrbanOutfitters.html
0.032819274708728585,99.96718072529127,0,0,0,1,1,/Users/mdjavedulferdous/Documents/Dataset/Testing/UrbanOutfitters.html
0.09408936055701478,99.90591063944298,0,1,1,1,0,/Users/mdjavedulferdous/Documents/Dataset/Testing/UrbanOutfitters.html
0.09408936055701478,99.90591063944298,0,1,1,1,0,/Users/mdjavedulferdous/Documents/Dataset/Testing/UrbanOutfitters.html
0.09475737215030033,99.9052426278497,0,1,0,1,0,/Users/mdjavedulferdous/Documents/Dataset/Testing/UrbanOutfitters.html
0.032819274708728585,99.96718072529127,0,0,0,1,1,/Users/mdjavedulferdous/Documents/Dataset/Testing/UrbanOutfitters.html
0.09408936055701478,99.90591063944298,0,1,1,1,0,/Users/mdjavedulferdous/Documents/Dataset/Testing/UrbanOutfitters.html
0.09408936055701478,99.90591063944298,0,1,1,1,0,/Users/mdjavedulferdous/Documents/Dataset/Testing/UrbanOutfitters.html
0.09475737215030033,99.9052426278497,0,1,0,1,0,/Users/mdjavedulferdous/Documents/Dataset/Testing/UrbanOutfitters.html
0.032819274708728585,99.96718072529127,0,0,0,1,1,/Users/mdjavedulferdous/Documents/Dataset/Testing/UrbanOutfitters.html
0.09408936055701478,99.90591063944298,0,1,1,1,0,/Users/mdjavedulferdous/Documents/Dataset/Testing/UrbanOutfitters.html
0.09408936055701478,99.90591063944298,0,1,1,1,0,/Users/mdjavedulferdous/Documents/Dataset/Testing/UrbanOutfitters.html
0.09475737215030033,99.9052426278497,0,1,0,1,0,/Users/mdjavedulferdous/Documents/Dataset/Testing/UrbanOutfitters.html
0.032819274708728585,99.96718072529127,0,0,0,1,1,/Users/mdjavedulferdous/Documents/Dataset/Testing/UrbanOutfitters.html
0.09408936055701478,99.90591063944298,0,1,1,1,0,/Users/mdjavedulferdous/Documents/Dataset/Testing/UrbanOutfitters.html
0.09408936055701478,99.90591063944298,0,1,1,1,0,/Users/mdjavedulferdous/Documents/Dataset/Testing/UrbanOutfitters.html
0.09475737215030033,99.9052426278497,0,1,0,1,0,/Users/mdjavedulferdous/Documents/Dataset/Testing/UrbanOutfitters.html
0.032819274708728585,99.96718072529127,0,0,0,1,1,/Users/mdjavedulferdous/Documents/Dataset/Testing/UrbanOutfitters.html
0.09408936055701478,99.90591063944298,0,1,1,1,0,/Users/mdjavedulferdous/Documents/Dataset/Testing/UrbanOutfitters.html
0.09408936055701478,99.90591063944298,0,1,1,1,0,/Users/mdjavedulferdous/Documents/Dataset/Testing/UrbanOutfitters.html
0.09475737215030033,99.9052426278497,0,1,0,1,0,/Users/mdjavedulferdous/Documents/Dataset/Testing/UrbanOutfitters.html
0.032819274708728585,99.96718072529127,0,0,0,1,1,/Users/mdjavedulferdous/Documents/Dataset/Testing/UrbanOutfitters.html
0.09408936055701478,99.90591063944298,0,1,1,1,0,/Users/mdjavedulferdous/Documents/Dataset/Testing/UrbanOutfitters.html
0.09408936055701478,99.90591063944298,0,1,1,1,0,/Users/mdjavedulferdous/Documents/Dataset/Testing/UrbanOutfitters.html
0.09475737215030033,99.9052426278497,0,1,0,1,0,/Users/mdjavedulferdous/Documents/Dataset/Testing/UrbanOutfitters.html
0.032819274708728585,99.96718072529127,0,0,0,1,1,/Users/mdjavedulferdous/Documents/Dataset/Testing/UrbanOutfitters.html
0.09342605384502489,99.90657394615498,0,1,2,1,0,/Users/mdjavedulferdous/Documents/Dataset/Testing/UrbanOutfitters.html
0.09342605384502489,99.90657394615498,0,1,2,1,0,/Users/mdjavedulferdous/Documents/Dataset/Testing/UrbanOutfitters.html
0.09475737215030033,99.9052426278497,0,1,0,1,0,/Users/mdjavedulferdous/Documents/Dataset/Testing/UrbanOutfitters.html
0.032819274708728585,99.96718072529127,0,0,0,1,1,/Users/mdjavedulferdous/Documents/Dataset/Testing/UrbanOutfitters.html
0.09276741893923246,99.90723258106077,0,1,3,1,0,/Users/mdjavedulferdous/Documents/Dataset/Testing/UrbanOutfitters.html
0.09276741893923246,99.90723258106077,0,1,3,1,0,/Users/mdjavedulferdous/Documents/Dataset/Testing/UrbanOutfitters.html
0.09475737215030033,99.9052426278497,0,1,0,1,0,/Users/mdjavedulferdous/Documents/Dataset/Testing/UrbanOutfitters.html
0.032819274708728585,99.96718072529127,0,0,0,1,1,/Users/mdjavedulferdous/Documents/Dataset/Testing/UrbanOutfitters.html
0.09276741893923246,99.90723258106077,0,1,3,1,0,/Users/mdjavedulferdous/Documents/Dataset/Testing/UrbanOutfitters.html
0.09276741893923246,99.90723258106077,0,1,3,1,0,/Users/mdjavedulferdous/Documents/Dataset/Testing/UrbanOutfitters.html
0.09475737215030033,99.9052426278497,0,1,0,1,0,/Users/mdjavedulferdous/Documents/Dataset/Testing/UrbanOutfitters.html
0.032819274708728585,99.96718072529127,0,0,0,1,1,/Users/mdjavedulferdous/Documents/Dataset/Testing/UrbanOutfitters.html
0.09408936055701478,99.90591063944298,0,1,1,1,0,/Users/mdjavedulferdous/Documents/Dataset/Testing/UrbanOutfitters.html
0.09408936055701478,99.90591063944298,0,1,1,1,0,/Users/mdjavedulferdous/Documents/Dataset/Testing/UrbanOutfitters.html
0.09475737215030033,99.9052426278497,0,1,0,1,0,/Users/mdjavedulferdous/Documents/Dataset/Testing/UrbanOutfitters.html
0.032819274708728585,99.96718072529127,0,0,0,1,1,/Users/mdjavedulferdous/Documents/Dataset/Testing/UrbanOutfitters.html
0.09408936055701478,99.90591063944298,0,1,1,1,0,/Users/mdjavedulferdous/Documents/Dataset/Testing/UrbanOutfitters.html
0.09408936055701478,99.90591063944298,0,1,1,1,0,/Users/mdjavedulferdous/Documents/Dataset/Testing/UrbanOutfitters.html
0.09475737215030033,99.9052426278497,0,1,0,1,0,/Users/mdjavedulferdous/Documents/Dataset/Testing/UrbanOutfitters.html
0.032819274708728585,99.96718072529127,0,0,0,1,1,/Users/mdjavedulferdous/Documents/Dataset/Testing/UrbanOutfitters.html
0.09342605384502489,99.90657394615498,0,1,2,1,0,/Users/mdjavedulferdous/Documents/Dataset/Testing/UrbanOutfitters.html
0.09342605384502489,99.90657394615498,0,1,2,1,0,/Users/mdjavedulferdous/Documents/Dataset/Testing/UrbanOutfitters.html
0.09475737215030033,99.9052426278497,0,1,0,1,0,/Users/mdjavedulferdous/Documents/Dataset/Testing/UrbanOutfitters.html
0.032819274708728585,99.96718072529127,0,0,0,1,1,/Users/mdjavedulferdous/Documents/Dataset/Testing/UrbanOutfitters.html
0.09276741893923246,99.90723258106077,0,1,3,1,0,/Users/mdjavedulferdous/Documents/Dataset/Testing/UrbanOutfitters.html
0.09276741893923246,99.90723258106077,0,1,3,1,0,/Users/mdjavedulferdous/Documents/Dataset/Testing/UrbanOutfitters.html
0.09475737215030033,99.9052426278497,0,1,0,1,0,/Users/mdjavedulferdous/Documents/Dataset/Testing/UrbanOutfitters.html
0.032819274708728585,99.96718072529127,0,0,0,1,1,/Users/mdjavedulferdous/Documents/Dataset/Testing/UrbanOutfitters.html
0.09342605384502489,99.90657394615498,0,1,2,1,0,/Users/mdjavedulferdous/Documents/Dataset/Testing/UrbanOutfitters.html
0.09342605384502489,99.90657394615498,0,1,2,1,0,/Users/mdjavedulferdous/Documents/Dataset/Testing/UrbanOutfitters.html
0.09475737215030033,99.9052426278497,0,1,0,1,0,/Users/mdjavedulferdous/Documents/Dataset/Testing/UrbanOutfitters.html
0.032819274708728585,99.96718072529127,0,0,0,1,1,/Users/mdjavedulferdous/Documents/Dataset/Testing/UrbanOutfitters.html
0.09132954348870514,99.90867045651129,0,2,0,1,0,/Users/mdjavedulferdous/Documents/Dataset/Testing/UrbanOutfitters.html
0.032819274708728585,99.96718072529127,0,0,0,1,1,/Users/mdjavedulferdous/Documents/Dataset/Testing/UrbanOutfitters.html
0.09132954348870514,99.90867045651129,0,2,0,1,0,/Users/mdjavedulferdous/Documents/Dataset/Testing/UrbanOutfitters.html
0.09475737215030033,99.9052426278497,0,1,0,1,0,/Users/mdjavedulferdous/Documents/Dataset/Testing/UrbanOutfitters.html
0.032819274708728585,99.96718072529127,0,0,0,1,1,/Users/mdjavedulferdous/Documents/Dataset/Testing/UrbanOutfitters.html
0.09475737215030033,99.9052426278497,0,1,0,1,0,/Users/mdjavedulferdous/Documents/Dataset/Testing/UrbanOutfitters.html
0.09475737215030033,99.9052426278497,0,1,0,1,0,/Users/mdjavedulferdous/Documents/Dataset/Testing/UrbanOutfitters.html
0.031661962257956144,99.96833803774204,0,1,0,1,1,/Users/mdjavedulferdous/Documents/Dataset/Testing/UrbanOutfitters.html
0.031661962257956144,99.96833803774204,0,1,0,1,1,/Users/mdjavedulferdous/Documents/Dataset/Testing/UrbanOutfitters.html
0.0029450598032720876,99.99705494019673,0,40,3,1,1,/Users/mdjavedulferdous/Documents/Dataset/Testing/UrbanOutfitters.html
0.09624916271127049,99.90375083728873,0,0,3,1,0,/Users/mdjavedulferdous/Documents/Dataset/Testing/UrbanOutfitters.html
0.032819274708728585,99.96718072529127,0,0,0,1,1,/Users/mdjavedulferdous/Documents/Dataset/Testing/UrbanOutfitters.html
0.032819274708728585,99.96718072529127,0,0,0,1,1,/Users/mdjavedulferdous/Documents/Dataset/Testing/UrbanOutfitters.html
0.032819274708728585,99.96718072529127,0,0,0,1,1,/Users/mdjavedulferdous/Documents/Dataset/Testing/UrbanOutfitters.html
0.09624916271127049,99.90375083728873,0,0,3,1,0,/Users/mdjavedulferdous/Documents/Dataset/Testing/UrbanOutfitters.html
0.09762067091964033,99.90237932908036,0,0,1,1,0,/Users/mdjavedulferdous/Documents/Dataset/Testing/UrbanOutfitters.html
0.032625434867428194,99.96737456513257,0,0,1,1,1,/Users/mdjavedulferdous/Documents/Dataset/Testing/UrbanOutfitters.html
0.032625434867428194,99.96737456513257,0,0,1,1,1,/Users/mdjavedulferdous/Documents/Dataset/Testing/UrbanOutfitters.html
0.032819274708728585,99.96718072529127,0,0,0,1,1,/Users/mdjavedulferdous/Documents/Dataset/Testing/UrbanOutfitters.html
0.09831372928640336,99.9016862707136,0,0,0,1,0,/Users/mdjavedulferdous/Documents/Dataset/Testing/UrbanOutfitters.html
0.09831372928640336,99.9016862707136,0,0,0,1,0,/Users/mdjavedulferdous/Documents/Dataset/Testing/UrbanOutfitters.html
0.032819274708728585,99.96718072529127,0,0,0,1,1,/Users/mdjavedulferdous/Documents/Dataset/Testing/UrbanOutfitters.html
0.030545447870800047,99.9694545521292,0,2,0,1,1,/Users/mdjavedulferdous/Documents/Dataset/Testing/UrbanOutfitters.html
0.030545447870800047,99.9694545521292,0,2,0,1,1,/Users/mdjavedulferdous/Documents/Dataset/Testing/UrbanOutfitters.html
0.032819274708728585,99.96718072529127,0,0,0,1,1,/Users/mdjavedulferdous/Documents/Dataset/Testing/UrbanOutfitters.html
0.030545447870800047,99.9694545521292,0,2,0,1,1,/Users/mdjavedulferdous/Documents/Dataset/Testing/UrbanOutfitters.html
0.010197046400584053,99.98980295359942,0,23,0,1,1,/Users/mdjavedulferdous/Documents/Dataset/Testing/UrbanOutfitters.html
0.010197046400584053,99.98980295359942,0,23,0,1,1,/Users/mdjavedulferdous/Documents/Dataset/Testing/UrbanOutfitters.html
0.032819274708728585,99.96718072529127,0,0,0,1,1,/Users/mdjavedulferdous/Documents/Dataset/Testing/UrbanOutfitters.html
0.06801107847216326,99.93198892152783,0,10,0,1,0,/Users/mdjavedulferdous/Documents/Dataset/Testing/UrbanOutfitters.html
0.06801107847216326,99.93198892152783,0,10,0,1,0,/Users/mdjavedulferdous/Documents/Dataset/Testing/UrbanOutfitters.html
0.022394860902319458,99.97760513909768,0,10,0,1,1,/Users/mdjavedulferdous/Documents/Dataset/Testing/UrbanOutfitters.html
0.08177168853242822,99.91822831146757,0,5,0,1,0,/Users/mdjavedulferdous/Documents/Dataset/Testing/UrbanOutfitters.html
0.08177168853242822,99.91822831146757,0,5,0,1,0,/Users/mdjavedulferdous/Documents/Dataset/Testing/UrbanOutfitters.html
0.027426570552246954,99.97257342944775,0,5,0,1,1,/Users/mdjavedulferdous/Documents/Dataset/Testing/UrbanOutfitters.html
0.07881324375423882,99.92118675624576,0,6,0,1,0,/Users/mdjavedulferdous/Documents/Dataset/Testing/UrbanOutfitters.html
0.07881324375423882,99.92118675624576,0,6,0,1,0,/Users/mdjavedulferdous/Documents/Dataset/Testing/UrbanOutfitters.html
0.02645937174158286,99.97354062825842,0,6,0,1,1,/Users/mdjavedulferdous/Documents/Dataset/Testing/UrbanOutfitters.html
0.030545447870800047,99.9694545521292,0,2,0,1,1,/Users/mdjavedulferdous/Documents/Dataset/Testing/UrbanOutfitters.html
0.031661962257956144,99.96833803774204,0,1,0,1,1,/Users/mdjavedulferdous/Documents/Dataset/Testing/UrbanOutfitters.html
0.031661962257956144,99.96833803774204,0,1,0,1,1,/Users/mdjavedulferdous/Documents/Dataset/Testing/UrbanOutfitters.html
0.032819274708728585,99.96718072529127,0,0,0,1,1,/Users/mdjavedulferdous/Documents/Dataset/Testing/UrbanOutfitters.html
0.02375760867281418,99.97624239132719,0,9,0,1,1,/Users/mdjavedulferdous/Documents/Dataset/Testing/UrbanOutfitters.html
0.02375760867281418,99.97624239132719,0,9,0,1,1,/Users/mdjavedulferdous/Documents/Dataset/Testing/UrbanOutfitters.html
0.030545447870800047,99.9694545521292,0,2,0,1,1,/Users/mdjavedulferdous/Documents/Dataset/Testing/UrbanOutfitters.html
0.02552627251621864,99.97447372748378,0,7,0,1,1,/Users/mdjavedulferdous/Documents/Dataset/Testing/UrbanOutfitters.html
0.02645937174158286,99.97354062825842,0,6,0,1,1,/Users/mdjavedulferdous/Documents/Dataset/Testing/UrbanOutfitters.html
0.02645937174158286,99.97354062825842,0,6,0,1,1,/Users/mdjavedulferdous/Documents/Dataset/Testing/UrbanOutfitters.html
0.02645937174158286,99.97354062825842,0,6,0,1,1,/Users/mdjavedulferdous/Documents/Dataset/Testing/UrbanOutfitters.html
0.032819274708728585,99.96718072529127,0,0,0,1,1,/Users/mdjavedulferdous/Documents/Dataset/Testing/UrbanOutfitters.html
0.032819274708728585,99.96718072529127,0,0,0,1,1,/Users/mdjavedulferdous/Documents/Dataset/Testing/UrbanOutfitters.html
0.032819274708728585,99.96718072529127,0,0,0,1,1,/Users/mdjavedulferdous/Documents/Dataset/Testing/UrbanOutfitters.html
0.032819274708728585,99.96718072529127,0,0,0,1,1,/Users/mdjavedulferdous/Documents/Dataset/Testing/UrbanOutfitters.html
0.032819274708728585,99.96718072529127,0,0,0,1,1,/Users/mdjavedulferdous/Documents/Dataset/Testing/UrbanOutfitters.html
0.032819274708728585,99.96718072529127,0,0,0,1,1,/Users/mdjavedulferdous/Documents/Dataset/Testing/UrbanOutfitters.html
0.032819274708728585,99.96718072529127,0,0,0,1,1,/Users/mdjavedulferdous/Documents/Dataset/Testing/UrbanOutfitters.html
0.09831372928640336,99.9016862707136,0,0,0,1,0,/Users/mdjavedulferdous/Documents/Dataset/Testing/UrbanOutfitters.html
0.09831372928640336,99.9016862707136,0,0,0,1,0,/Users/mdjavedulferdous/Documents/Dataset/Testing/UrbanOutfitters.html
0.032819274708728585,99.96718072529127,0,0,0,1,1,/Users/mdjavedulferdous/Documents/Dataset/Testing/UrbanOutfitters.html
0.0003052983316154112,99.99969470166839,1,2,8,1,1,/Users/mdjavedulferdous/Documents/Dataset/Testing/UrbanOutfitters.html
0.032819274708728585,99.96718072529127,0,0,0,1,1,/Users/mdjavedulferdous/Documents/Dataset/Testing/UrbanOutfitters.html
0.0003052983316154112,99.99969470166839,1,2,8,1,1,/Users/mdjavedulferdous/Documents/Dataset/Testing/UrbanOutfitters.html
0.09831372928640336,99.9016862707136,0,0,0,1,0,/Users/mdjavedulferdous/Documents/Dataset/Testing/UrbanOutfitters.html
0.032819274708728585,99.96718072529127,0,0,0,1,1,/Users/mdjavedulferdous/Documents/Dataset/Testing/UrbanOutfitters.html
0.001941915378644854,99.99805808462135,1,1,3,1,0,/Users/mdjavedulferdous/Documents/Dataset/Testing/UrbanOutfitters.html
0.031661962257956144,99.96833803774204,0,1,0,1,1,/Users/mdjavedulferdous/Documents/Dataset/Testing/UrbanOutfitters.html
0.032819274708728585,99.96718072529127,0,0,0,1,1,/Users/mdjavedulferdous/Documents/Dataset/Testing/UrbanOutfitters.html
0.032819274708728585,99.96718072529127,0,0,0,1,1,/Users/mdjavedulferdous/Documents/Dataset/Testing/UrbanOutfitters.html
0.032625434867428194,99.96737456513257,0,0,1,1,1,/Users/mdjavedulferdous/Documents/Dataset/Testing/UrbanOutfitters.html
0.032625434867428194,99.96737456513257,0,0,1,1,1,/Users/mdjavedulferdous/Documents/Dataset/Testing/UrbanOutfitters.html
0.032625434867428194,99.96737456513257,0,0,1,1,1,/Users/mdjavedulferdous/Documents/Dataset/Testing/UrbanOutfitters.html
0.032625434867428194,99.96737456513257,0,0,1,1,1,/Users/mdjavedulferdous/Documents/Dataset/Testing/UrbanOutfitters.html
0.032625434867428194,99.96737456513257,0,0,1,1,1,/Users/mdjavedulferdous/Documents/Dataset/Testing/UrbanOutfitters.html
0.032625434867428194,99.96737456513257,0,0,1,1,1,/Users/mdjavedulferdous/Documents/Dataset/Testing/UrbanOutfitters.html
0.03243273952716619,99.96756726047283,0,0,2,1,1,/Users/mdjavedulferdous/Documents/Dataset/Testing/UrbanOutfitters.html
0.09831372928640336,99.9016862707136,0,0,0,1,0,/Users/mdjavedulferdous/Documents/Dataset/Testing/UrbanOutfitters.html
0.03243273952716619,99.96756726047283,0,0,2,1,1,/Users/mdjavedulferdous/Documents/Dataset/Testing/UrbanOutfitters.html
0.032625434867428194,99.96737456513257,0,0,1,1,1,/Users/mdjavedulferdous/Documents/Dataset/Testing/UrbanOutfitters.html
0.09831372928640336,99.9016862707136,0,0,0,1,0,/Users/mdjavedulferdous/Documents/Dataset/Testing/UrbanOutfitters.html
0.032819274708728585,99.96718072529127,0,0,0,1,1,/Users/mdjavedulferdous/Documents/Dataset/Testing/UrbanOutfitters.html
0.032625434867428194,99.96737456513257,0,0,1,1,1,/Users/mdjavedulferdous/Documents/Dataset/Testing/UrbanOutfitters.html
0.032625434867428194,99.96737456513257,0,0,1,1,1,/Users/mdjavedulferdous/Documents/Dataset/Testing/UrbanOutfitters.html
0.032625434867428194,99.96737456513257,0,0,1,1,1,/Users/mdjavedulferdous/Documents/Dataset/Testing/UrbanOutfitters.html
0.032625434867428194,99.96737456513257,0,0,1,1,1,/Users/mdjavedulferdous/Documents/Dataset/Testing/UrbanOutfitters.html
0.032625434867428194,99.96737456513257,0,0,1,1,1,/Users/mdjavedulferdous/Documents/Dataset/Testing/UrbanOutfitters.html
0.032819274708728585,99.96718072529127,0,0,0,1,1,/Users/mdjavedulferdous/Documents/Dataset/Testing/UrbanOutfitters.html
0.00041054583949096113,99.99958945416051,1,0,3,1,1,/Users/mdjavedulferdous/Documents/Dataset/Testing/UrbanOutfitters.html
0.00041054583949096113,99.99958945416051,1,0,3,1,1,/Users/mdjavedulferdous/Documents/Dataset/Testing/UrbanOutfitters.html
0.032819274708728585,99.96718072529127,0,0,0,1,1,/Users/mdjavedulferdous/Documents/Dataset/Testing/UrbanOutfitters.html
0.00041054583949096113,99.99958945416051,1,0,3,1,1,/Users/mdjavedulferdous/Documents/Dataset/Testing/UrbanOutfitters.html
0.032625434867428194,99.96737456513257,0,0,1,1,1,/Users/mdjavedulferdous/Documents/Dataset/Testing/UrbanOutfitters.html
0.032625434867428194,99.96737456513257,0,0,1,1,1,/Users/mdjavedulferdous/Documents/Dataset/Testing/UrbanOutfitters.html
0.032625434867428194,99.96737456513257,0,0,1,1,1,/Users/mdjavedulferdous/Documents/Dataset/Testing/UrbanOutfitters.html
0.032819274708728585,99.96718072529127,0,0,0,1,1,/Users/mdjavedulferdous/Documents/Dataset/Testing/UrbanOutfitters.html
0.032819274708728585,99.96718072529127,0,0,0,1,1,/Users/mdjavedulferdous/Documents/Dataset/Testing/UrbanOutfitters.html
0.09475737215030033,99.9052426278497,0,1,0,1,0,/Users/mdjavedulferdous/Documents/Dataset/Testing/UrbanOutfitters.html
0.09831372928640336,99.9016862707136,0,0,0,1,0,/Users/mdjavedulferdous/Documents/Dataset/Testing/UrbanOutfitters.html
0.031661962257956144,99.96833803774204,0,1,0,1,1,/Users/mdjavedulferdous/Documents/Dataset/Testing/UrbanOutfitters.html
0.032819274708728585,99.96718072529127,0,0,0,1,1,/Users/mdjavedulferdous/Documents/Dataset/Testing/UrbanOutfitters.html
0.032819274708728585,99.96718072529127,0,0,0,1,1,/Users/mdjavedulferdous/Documents/Dataset/Testing/UrbanOutfitters.html
0.09831372928640336,99.9016862707136,0,0,0,1,0,/Users/mdjavedulferdous/Documents/Dataset/Testing/UrbanOutfitters.html
0.09831372928640336,99.9016862707136,0,0,0,1,0,/Users/mdjavedulferdous/Documents/Dataset/Testing/UrbanOutfitters.html
0.032819274708728585,99.96718072529127,0,0,0,1,1,/Users/mdjavedulferdous/Documents/Dataset/Testing/UrbanOutfitters.html
0.032819274708728585,99.96718072529127,0,0,0,1,1,/Users/mdjavedulferdous/Documents/Dataset/Testing/UrbanOutfitters.html
